<Anims>
 <anim name="idle" root="pump" numframes="1000" framerate="40">
  <frame idx="0" w="712" h="773" x="-430.570679" y="-400.807739">
   <element name="pump" layername="pump" frame="0" z_index="1" m_a="0.216302" m_b="0.000000" m_c="0.000000" m_d="0.212334" m_tx="5.990329" m_ty="-152.953568"/>
  </frame>
  <frame idx="25" w="712" h="773" x="-430.570679" y="-400.807739">
   <element name="pump" layername="pump" frame="0" z_index="1" m_a="0.216302" m_b="0.000000" m_c="0.000000" m_d="0.212334" m_tx="5.990329" m_ty="-152.953568"/>
  </frame>
  <frame idx="50" w="712" h="773" x="-430.570679" y="-400.807739">
   <element name="pump" layername="pump" frame="0" z_index="1" m_a="0.216302" m_b="0.000000" m_c="0.000000" m_d="0.212334" m_tx="5.990329" m_ty="-152.953568"/>
  </frame>
  <frame idx="75" w="712" h="773" x="-430.570679" y="-400.807739">
   <element name="pump" layername="pump" frame="0" z_index="1" m_a="0.216302" m_b="0.000000" m_c="0.000000" m_d="0.212334" m_tx="5.990329" m_ty="-152.953568"/>
  </frame>
  <frame idx="100" w="712" h="773" x="-430.570679" y="-400.807739">
   <element name="pump" layername="pump" frame="0" z_index="1" m_a="0.216302" m_b="0.000000" m_c="0.000000" m_d="0.212334" m_tx="5.990329" m_ty="-152.953568"/>
  </frame>
  <frame idx="125" w="712" h="773" x="-430.570679" y="-400.807739">
   <element name="pump" layername="pump" frame="0" z_index="1" m_a="0.216302" m_b="0.000000" m_c="0.000000" m_d="0.212334" m_tx="5.990329" m_ty="-152.953568"/>
  </frame>
  <frame idx="150" w="712" h="773" x="-430.570679" y="-400.807739">
   <element name="pump" layername="pump" frame="0" z_index="1" m_a="0.216302" m_b="0.000000" m_c="0.000000" m_d="0.212334" m_tx="5.990329" m_ty="-152.953568"/>
  </frame>
  <frame idx="175" w="712" h="773" x="-430.570679" y="-400.807739">
   <element name="pump" layername="pump" frame="0" z_index="1" m_a="0.216302" m_b="0.000000" m_c="0.000000" m_d="0.212334" m_tx="5.990329" m_ty="-152.953568"/>
  </frame>
  <frame idx="200" w="712" h="773" x="-430.570679" y="-400.807739">
   <element name="pump" layername="pump" frame="0" z_index="1" m_a="0.216302" m_b="0.000000" m_c="0.000000" m_d="0.212334" m_tx="5.990329" m_ty="-152.953568"/>
  </frame>
  <frame idx="225" w="712" h="773" x="-430.570679" y="-400.807739">
   <element name="pump" layername="pump" frame="0" z_index="1" m_a="0.216302" m_b="0.000000" m_c="0.000000" m_d="0.212334" m_tx="5.990329" m_ty="-152.953568"/>
  </frame>
  <frame idx="250" w="712" h="773" x="-430.570679" y="-400.807739">
   <element name="pump" layername="pump" frame="0" z_index="1" m_a="0.216302" m_b="0.000000" m_c="0.000000" m_d="0.212334" m_tx="5.990329" m_ty="-152.953568"/>
  </frame>
  <frame idx="275" w="712" h="773" x="-430.570679" y="-400.807739">
   <element name="pump" layername="pump" frame="0" z_index="1" m_a="0.216302" m_b="0.000000" m_c="0.000000" m_d="0.212334" m_tx="5.990329" m_ty="-152.953568"/>
  </frame>
  <frame idx="300" w="712" h="773" x="-430.570679" y="-400.807739">
   <element name="pump" layername="pump" frame="0" z_index="1" m_a="0.216302" m_b="0.000000" m_c="0.000000" m_d="0.212334" m_tx="5.990329" m_ty="-152.953568"/>
  </frame>
  <frame idx="325" w="712" h="773" x="-430.570679" y="-400.807739">
   <element name="pump" layername="pump" frame="0" z_index="1" m_a="0.216302" m_b="0.000000" m_c="0.000000" m_d="0.212334" m_tx="5.990329" m_ty="-152.953568"/>
  </frame>
  <frame idx="350" w="712" h="773" x="-430.570679" y="-400.807739">
   <element name="pump" layername="pump" frame="0" z_index="1" m_a="0.216302" m_b="0.000000" m_c="0.000000" m_d="0.212334" m_tx="5.990329" m_ty="-152.953568"/>
  </frame>
  <frame idx="375" w="712" h="773" x="-430.570679" y="-400.807739">
   <element name="pump" layername="pump" frame="0" z_index="1" m_a="0.216302" m_b="0.000000" m_c="0.000000" m_d="0.212334" m_tx="5.990329" m_ty="-152.953568"/>
  </frame>
  <frame idx="400" w="712" h="773" x="-430.570679" y="-400.807739">
   <element name="pump" layername="pump" frame="0" z_index="1" m_a="0.216302" m_b="0.000000" m_c="0.000000" m_d="0.212334" m_tx="5.990329" m_ty="-152.953568"/>
  </frame>
  <frame idx="425" w="712" h="773" x="-430.570679" y="-400.807739">
   <element name="pump" layername="pump" frame="0" z_index="1" m_a="0.216302" m_b="0.000000" m_c="0.000000" m_d="0.212334" m_tx="5.990329" m_ty="-152.953568"/>
  </frame>
  <frame idx="450" w="712" h="773" x="-430.570679" y="-400.807739">
   <element name="pump" layername="pump" frame="0" z_index="1" m_a="0.216302" m_b="0.000000" m_c="0.000000" m_d="0.212334" m_tx="5.990329" m_ty="-152.953568"/>
  </frame>
  <frame idx="475" w="712" h="773" x="-430.570679" y="-400.807739">
   <element name="pump" layername="pump" frame="0" z_index="1" m_a="0.216302" m_b="0.000000" m_c="0.000000" m_d="0.212334" m_tx="5.990329" m_ty="-152.953568"/>
  </frame>
  <frame idx="500" w="712" h="773" x="-430.570679" y="-400.807739">
   <element name="pump" layername="pump" frame="0" z_index="1" m_a="0.216302" m_b="0.000000" m_c="0.000000" m_d="0.212334" m_tx="5.990329" m_ty="-152.953568"/>
  </frame>
  <frame idx="525" w="712" h="773" x="-430.570679" y="-400.807739">
   <element name="pump" layername="pump" frame="0" z_index="1" m_a="0.216302" m_b="0.000000" m_c="0.000000" m_d="0.212334" m_tx="5.990329" m_ty="-152.953568"/>
  </frame>
  <frame idx="550" w="712" h="773" x="-430.570679" y="-400.807739">
   <element name="pump" layername="pump" frame="0" z_index="1" m_a="0.216302" m_b="0.000000" m_c="0.000000" m_d="0.212334" m_tx="5.990329" m_ty="-152.953568"/>
  </frame>
  <frame idx="575" w="712" h="773" x="-430.570679" y="-400.807739">
   <element name="pump" layername="pump" frame="0" z_index="1" m_a="0.216302" m_b="0.000000" m_c="0.000000" m_d="0.212334" m_tx="5.990329" m_ty="-152.953568"/>
  </frame>
  <frame idx="600" w="712" h="773" x="-430.570679" y="-400.807739">
   <element name="pump" layername="pump" frame="0" z_index="1" m_a="0.216302" m_b="0.000000" m_c="0.000000" m_d="0.212334" m_tx="5.990329" m_ty="-152.953568"/>
  </frame>
  <frame idx="625" w="712" h="773" x="-430.570679" y="-400.807739">
   <element name="pump" layername="pump" frame="0" z_index="1" m_a="0.216302" m_b="0.000000" m_c="0.000000" m_d="0.212334" m_tx="5.990329" m_ty="-152.953568"/>
  </frame>
  <frame idx="650" w="712" h="773" x="-430.570679" y="-400.807739">
   <element name="pump" layername="pump" frame="0" z_index="1" m_a="0.216302" m_b="0.000000" m_c="0.000000" m_d="0.212334" m_tx="5.990329" m_ty="-152.953568"/>
  </frame>
  <frame idx="675" w="712" h="773" x="-430.570679" y="-400.807739">
   <element name="pump" layername="pump" frame="0" z_index="1" m_a="0.216302" m_b="0.000000" m_c="0.000000" m_d="0.212334" m_tx="5.990329" m_ty="-152.953568"/>
  </frame>
  <frame idx="700" w="712" h="773" x="-430.570679" y="-400.807739">
   <element name="pump" layername="pump" frame="0" z_index="1" m_a="0.216302" m_b="0.000000" m_c="0.000000" m_d="0.212334" m_tx="5.990329" m_ty="-152.953568"/>
  </frame>
  <frame idx="725" w="712" h="773" x="-430.570679" y="-400.807739">
   <element name="pump" layername="pump" frame="0" z_index="1" m_a="0.216302" m_b="0.000000" m_c="0.000000" m_d="0.212334" m_tx="5.990329" m_ty="-152.953568"/>
  </frame>
  <frame idx="750" w="712" h="773" x="-430.570679" y="-400.807739">
   <element name="pump" layername="pump" frame="0" z_index="1" m_a="0.216302" m_b="0.000000" m_c="0.000000" m_d="0.212334" m_tx="5.990329" m_ty="-152.953568"/>
  </frame>
  <frame idx="775" w="712" h="773" x="-430.570679" y="-400.807739">
   <element name="pump" layername="pump" frame="0" z_index="1" m_a="0.216302" m_b="0.000000" m_c="0.000000" m_d="0.212334" m_tx="5.990329" m_ty="-152.953568"/>
  </frame>
  <frame idx="800" w="712" h="773" x="-430.570679" y="-400.807739">
   <element name="pump" layername="pump" frame="0" z_index="1" m_a="0.216302" m_b="0.000000" m_c="0.000000" m_d="0.212334" m_tx="5.990329" m_ty="-152.953568"/>
  </frame>
  <frame idx="825" w="712" h="773" x="-430.570679" y="-400.807739">
   <element name="pump" layername="pump" frame="0" z_index="1" m_a="0.216302" m_b="0.000000" m_c="0.000000" m_d="0.212334" m_tx="5.990329" m_ty="-152.953568"/>
  </frame>
  <frame idx="850" w="712" h="773" x="-430.570679" y="-400.807739">
   <element name="pump" layername="pump" frame="0" z_index="1" m_a="0.216302" m_b="0.000000" m_c="0.000000" m_d="0.212334" m_tx="5.990329" m_ty="-152.953568"/>
  </frame>
  <frame idx="875" w="712" h="773" x="-430.570679" y="-400.807739">
   <element name="pump" layername="pump" frame="0" z_index="1" m_a="0.216302" m_b="0.000000" m_c="0.000000" m_d="0.212334" m_tx="5.990329" m_ty="-152.953568"/>
  </frame>
  <frame idx="900" w="712" h="773" x="-430.570679" y="-400.807739">
   <element name="pump" layername="pump" frame="0" z_index="1" m_a="0.216302" m_b="0.000000" m_c="0.000000" m_d="0.212334" m_tx="5.990329" m_ty="-152.953568"/>
  </frame>
  <frame idx="925" w="712" h="773" x="-430.570679" y="-400.807739">
   <element name="pump" layername="pump" frame="0" z_index="1" m_a="0.216302" m_b="0.000000" m_c="0.000000" m_d="0.212334" m_tx="5.990329" m_ty="-152.953568"/>
  </frame>
  <frame idx="950" w="712" h="773" x="-430.570679" y="-400.807739">
   <element name="pump" layername="pump" frame="0" z_index="1" m_a="0.216302" m_b="0.000000" m_c="0.000000" m_d="0.212334" m_tx="5.990329" m_ty="-152.953568"/>
  </frame>
  <frame idx="975" w="712" h="773" x="-430.570679" y="-400.807739">
   <element name="pump" layername="pump" frame="0" z_index="1" m_a="0.216302" m_b="0.000000" m_c="0.000000" m_d="0.212334" m_tx="5.990329" m_ty="-152.953568"/>
  </frame>
 </anim>
</Anims>
