<Anims>
 <anim name="idle" root="oBall" numframes="1000" framerate="40">
  <frame idx="0" w="219" h="278" x="1.000023" y="-51.999954">
   <element name="balls" layername="originalBall" frame="0" z_index="2" m_a="1.000000" m_b="0.000000" m_c="0.000000" m_d="1.000000" m_tx="1.995025" m_ty="-2.248756"/>
  </frame>
  <frame idx="25" w="219" h="278" x="1.000023" y="-51.999954">
   <element name="balls" layername="originalBall" frame="0" z_index="2" m_a="1.000000" m_b="0.000000" m_c="0.000000" m_d="1.000000" m_tx="1.995025" m_ty="-2.248756"/>
  </frame>
  <frame idx="50" w="219" h="278" x="1.000023" y="-51.999954">
   <element name="balls" layername="originalBall" frame="0" z_index="2" m_a="1.000000" m_b="0.000000" m_c="0.000000" m_d="1.000000" m_tx="1.995025" m_ty="-2.248756"/>
  </frame>
  <frame idx="75" w="219" h="278" x="1.000023" y="-51.999954">
   <element name="balls" layername="originalBall" frame="0" z_index="2" m_a="1.000000" m_b="0.000000" m_c="0.000000" m_d="1.000000" m_tx="1.995025" m_ty="-2.248756"/>
  </frame>
  <frame idx="100" w="219" h="278" x="1.000023" y="-51.999954">
   <element name="balls" layername="originalBall" frame="0" z_index="2" m_a="1.000000" m_b="0.000000" m_c="0.000000" m_d="1.000000" m_tx="1.995025" m_ty="-2.248756"/>
  </frame>
  <frame idx="125" w="219" h="278" x="1.000023" y="-51.999954">
   <element name="balls" layername="originalBall" frame="0" z_index="2" m_a="1.000000" m_b="0.000000" m_c="0.000000" m_d="1.000000" m_tx="1.995025" m_ty="-2.248756"/>
  </frame>
  <frame idx="150" w="219" h="278" x="1.000023" y="-51.999954">
   <element name="balls" layername="originalBall" frame="0" z_index="2" m_a="1.000000" m_b="0.000000" m_c="0.000000" m_d="1.000000" m_tx="1.995025" m_ty="-2.248756"/>
  </frame>
  <frame idx="175" w="219" h="278" x="1.000023" y="-51.999954">
   <element name="balls" layername="originalBall" frame="0" z_index="2" m_a="1.000000" m_b="0.000000" m_c="0.000000" m_d="1.000000" m_tx="1.995025" m_ty="-2.248756"/>
  </frame>
  <frame idx="200" w="219" h="278" x="1.000023" y="-51.999954">
   <element name="balls" layername="originalBall" frame="0" z_index="2" m_a="1.000000" m_b="0.000000" m_c="0.000000" m_d="1.000000" m_tx="1.995025" m_ty="-2.248756"/>
  </frame>
  <frame idx="225" w="219" h="278" x="1.000023" y="-51.999954">
   <element name="balls" layername="originalBall" frame="0" z_index="2" m_a="1.000000" m_b="0.000000" m_c="0.000000" m_d="1.000000" m_tx="1.995025" m_ty="-2.248756"/>
  </frame>
  <frame idx="250" w="219" h="278" x="1.000023" y="-51.999954">
   <element name="balls" layername="originalBall" frame="0" z_index="2" m_a="1.000000" m_b="0.000000" m_c="0.000000" m_d="1.000000" m_tx="1.995025" m_ty="-2.248756"/>
  </frame>
  <frame idx="275" w="219" h="278" x="1.000023" y="-51.999954">
   <element name="balls" layername="originalBall" frame="0" z_index="2" m_a="1.000000" m_b="0.000000" m_c="0.000000" m_d="1.000000" m_tx="1.995025" m_ty="-2.248756"/>
  </frame>
  <frame idx="300" w="219" h="278" x="1.000023" y="-51.999954">
   <element name="balls" layername="originalBall" frame="0" z_index="2" m_a="1.000000" m_b="0.000000" m_c="0.000000" m_d="1.000000" m_tx="1.995025" m_ty="-2.248756"/>
  </frame>
  <frame idx="325" w="219" h="278" x="1.000023" y="-51.999954">
   <element name="balls" layername="originalBall" frame="0" z_index="2" m_a="1.000000" m_b="0.000000" m_c="0.000000" m_d="1.000000" m_tx="1.995025" m_ty="-2.248756"/>
  </frame>
  <frame idx="350" w="219" h="278" x="1.000023" y="-51.999954">
   <element name="balls" layername="originalBall" frame="0" z_index="2" m_a="1.000000" m_b="0.000000" m_c="0.000000" m_d="1.000000" m_tx="1.995025" m_ty="-2.248756"/>
  </frame>
  <frame idx="375" w="219" h="278" x="1.000023" y="-51.999954">
   <element name="balls" layername="originalBall" frame="0" z_index="2" m_a="1.000000" m_b="0.000000" m_c="0.000000" m_d="1.000000" m_tx="1.995025" m_ty="-2.248756"/>
  </frame>
  <frame idx="400" w="219" h="278" x="1.000023" y="-51.999954">
   <element name="balls" layername="originalBall" frame="0" z_index="2" m_a="1.000000" m_b="0.000000" m_c="0.000000" m_d="1.000000" m_tx="1.995025" m_ty="-2.248756"/>
  </frame>
  <frame idx="425" w="219" h="278" x="1.000023" y="-51.999954">
   <element name="balls" layername="originalBall" frame="0" z_index="2" m_a="1.000000" m_b="0.000000" m_c="0.000000" m_d="1.000000" m_tx="1.995025" m_ty="-2.248756"/>
  </frame>
  <frame idx="450" w="219" h="278" x="1.000023" y="-51.999954">
   <element name="balls" layername="originalBall" frame="0" z_index="2" m_a="1.000000" m_b="0.000000" m_c="0.000000" m_d="1.000000" m_tx="1.995025" m_ty="-2.248756"/>
  </frame>
  <frame idx="475" w="219" h="278" x="1.000023" y="-51.999954">
   <element name="balls" layername="originalBall" frame="0" z_index="2" m_a="1.000000" m_b="0.000000" m_c="0.000000" m_d="1.000000" m_tx="1.995025" m_ty="-2.248756"/>
  </frame>
  <frame idx="500" w="219" h="278" x="1.000023" y="-51.999954">
   <element name="balls" layername="originalBall" frame="0" z_index="2" m_a="1.000000" m_b="0.000000" m_c="0.000000" m_d="1.000000" m_tx="1.995025" m_ty="-2.248756"/>
  </frame>
  <frame idx="525" w="219" h="278" x="1.000023" y="-51.999954">
   <element name="balls" layername="originalBall" frame="0" z_index="2" m_a="1.000000" m_b="0.000000" m_c="0.000000" m_d="1.000000" m_tx="1.995025" m_ty="-2.248756"/>
  </frame>
  <frame idx="550" w="219" h="278" x="1.000023" y="-51.999954">
   <element name="balls" layername="originalBall" frame="0" z_index="2" m_a="1.000000" m_b="0.000000" m_c="0.000000" m_d="1.000000" m_tx="1.995025" m_ty="-2.248756"/>
  </frame>
  <frame idx="575" w="219" h="278" x="1.000023" y="-51.999954">
   <element name="balls" layername="originalBall" frame="0" z_index="2" m_a="1.000000" m_b="0.000000" m_c="0.000000" m_d="1.000000" m_tx="1.995025" m_ty="-2.248756"/>
  </frame>
  <frame idx="600" w="219" h="278" x="1.000023" y="-51.999954">
   <element name="balls" layername="originalBall" frame="0" z_index="2" m_a="1.000000" m_b="0.000000" m_c="0.000000" m_d="1.000000" m_tx="1.995025" m_ty="-2.248756"/>
  </frame>
  <frame idx="625" w="219" h="278" x="1.000023" y="-51.999954">
   <element name="balls" layername="originalBall" frame="0" z_index="2" m_a="1.000000" m_b="0.000000" m_c="0.000000" m_d="1.000000" m_tx="1.995025" m_ty="-2.248756"/>
  </frame>
  <frame idx="650" w="219" h="278" x="1.000023" y="-51.999954">
   <element name="balls" layername="originalBall" frame="0" z_index="2" m_a="1.000000" m_b="0.000000" m_c="0.000000" m_d="1.000000" m_tx="1.995025" m_ty="-2.248756"/>
  </frame>
  <frame idx="675" w="219" h="278" x="1.000023" y="-51.999954">
   <element name="balls" layername="originalBall" frame="0" z_index="2" m_a="1.000000" m_b="0.000000" m_c="0.000000" m_d="1.000000" m_tx="1.995025" m_ty="-2.248756"/>
  </frame>
  <frame idx="700" w="219" h="278" x="1.000023" y="-51.999954">
   <element name="balls" layername="originalBall" frame="0" z_index="2" m_a="1.000000" m_b="0.000000" m_c="0.000000" m_d="1.000000" m_tx="1.995025" m_ty="-2.248756"/>
  </frame>
  <frame idx="725" w="219" h="278" x="1.000023" y="-51.999954">
   <element name="balls" layername="originalBall" frame="0" z_index="2" m_a="1.000000" m_b="0.000000" m_c="0.000000" m_d="1.000000" m_tx="1.995025" m_ty="-2.248756"/>
  </frame>
  <frame idx="750" w="219" h="278" x="1.000023" y="-51.999954">
   <element name="balls" layername="originalBall" frame="0" z_index="2" m_a="1.000000" m_b="0.000000" m_c="0.000000" m_d="1.000000" m_tx="1.995025" m_ty="-2.248756"/>
  </frame>
  <frame idx="775" w="219" h="278" x="1.000023" y="-51.999954">
   <element name="balls" layername="originalBall" frame="0" z_index="2" m_a="1.000000" m_b="0.000000" m_c="0.000000" m_d="1.000000" m_tx="1.995025" m_ty="-2.248756"/>
  </frame>
  <frame idx="800" w="219" h="278" x="1.000023" y="-51.999954">
   <element name="balls" layername="originalBall" frame="0" z_index="2" m_a="1.000000" m_b="0.000000" m_c="0.000000" m_d="1.000000" m_tx="1.995025" m_ty="-2.248756"/>
  </frame>
  <frame idx="825" w="219" h="278" x="1.000023" y="-51.999954">
   <element name="balls" layername="originalBall" frame="0" z_index="2" m_a="1.000000" m_b="0.000000" m_c="0.000000" m_d="1.000000" m_tx="1.995025" m_ty="-2.248756"/>
  </frame>
  <frame idx="850" w="219" h="278" x="1.000023" y="-51.999954">
   <element name="balls" layername="originalBall" frame="0" z_index="2" m_a="1.000000" m_b="0.000000" m_c="0.000000" m_d="1.000000" m_tx="1.995025" m_ty="-2.248756"/>
  </frame>
  <frame idx="875" w="219" h="278" x="1.000023" y="-51.999954">
   <element name="balls" layername="originalBall" frame="0" z_index="2" m_a="1.000000" m_b="0.000000" m_c="0.000000" m_d="1.000000" m_tx="1.995025" m_ty="-2.248756"/>
  </frame>
  <frame idx="900" w="219" h="278" x="1.000023" y="-51.999954">
   <element name="balls" layername="originalBall" frame="0" z_index="2" m_a="1.000000" m_b="0.000000" m_c="0.000000" m_d="1.000000" m_tx="1.995025" m_ty="-2.248756"/>
  </frame>
  <frame idx="925" w="219" h="278" x="1.000023" y="-51.999954">
   <element name="balls" layername="originalBall" frame="0" z_index="2" m_a="1.000000" m_b="0.000000" m_c="0.000000" m_d="1.000000" m_tx="1.995025" m_ty="-2.248756"/>
  </frame>
  <frame idx="950" w="219" h="278" x="1.000023" y="-51.999954">
   <element name="balls" layername="originalBall" frame="0" z_index="2" m_a="1.000000" m_b="0.000000" m_c="0.000000" m_d="1.000000" m_tx="1.995025" m_ty="-2.248756"/>
  </frame>
  <frame idx="975" w="219" h="278" x="1.000023" y="-51.999954">
   <element name="balls" layername="originalBall" frame="0" z_index="2" m_a="1.000000" m_b="0.000000" m_c="0.000000" m_d="1.000000" m_tx="1.995025" m_ty="-2.248756"/>
  </frame>
 </anim>
 <anim name="fly" root="oBall" numframes="375" framerate="40">
  <frame idx="0" w="213" h="217" x="7.004974" y="3.248779">
   <element name="balls" layername="originalBall" frame="0" z_index="2" m_a="1.000000" m_b="0.000000" m_c="0.000000" m_d="1.000000" m_tx="7.999976" m_ty="52.999981"/>
  </frame>
  <frame idx="25" w="388" h="262" x="-79.653183" y="34.128258">
   <element name="balls" layername="originalBall" frame="0" z_index="2" m_a="0.874462" m_b="0.485095" m_c="-0.485095" m_d="0.874462" m_tx="-17.594872" m_ty="47.923828"/>
  </frame>
  <frame idx="50" w="491" h="283" x="-170.411865" y="19.093773">
   <element name="balls" layername="originalBall" frame="0" z_index="2" m_a="0.529366" m_b="0.848393" m_c="-0.848393" m_d="0.529366" m_tx="-37.514168" m_ty="31.068998"/>
  </frame>
  <frame idx="75" w="499" h="274" x="-242.483734" y="-38.079895">
   <element name="balls" layername="originalBall" frame="0" z_index="2" m_a="0.051359" m_b="0.998680" m_c="-0.998680" m_d="0.051359" m_tx="-46.756641" m_ty="6.667351"/>
  </frame>
  <frame idx="100" w="601" h="431" x="-277.773132" y="-123.037720">
   <element name="balls" layername="originalBall" frame="0" z_index="2" m_a="-0.439543" m_b="0.898222" m_c="-0.898222" m_d="-0.439543" m_tx="-43.001717" m_ty="-19.154423"/>
  </frame>
  <frame idx="125" w="612" h="526" x="-273.520508" y="-195.523392">
   <element name="balls" layername="originalBall" frame="0" z_index="2" m_a="-0.753390" m_b="0.657574" m_c="-0.657574" m_d="-0.753390" m_tx="-31.429119" m_ty="-36.190521"/>
  </frame>
  <frame idx="150" w="577" h="559" x="-255.507889" y="-239.624496">
   <element name="balls" layername="originalBall" frame="0" z_index="2" m_a="-0.897208" m_b="0.441607" m_c="-0.441607" m_d="-0.897208" m_tx="-20.631313" m_ty="-44.313183"/>
  </frame>
  <frame idx="175" w="510" h="565" x="-226.755432" y="-277.606750">
   <element name="balls" layername="originalBall" frame="0" z_index="2" m_a="-0.980622" m_b="0.195910" m_c="-0.195910" m_d="-0.980622" m_tx="-8.107222" m_ty="-49.384380"/>
  </frame>
  <frame idx="200" w="443" h="572" x="-189.198822" y="-306.913086">
   <element name="balls" layername="originalBall" frame="0" z_index="2" m_a="-0.998015" m_b="-0.062977" m_c="0.062977" m_d="-0.998015" m_tx="5.299995" m_ty="-51.062706"/>
  </frame>
  <frame idx="225" w="434" h="651" x="-131.947632" y="-328.779510">
   <element name="balls" layername="originalBall" frame="0" z_index="2" m_a="-0.921686" m_b="-0.387936" m_c="0.387936" m_d="-0.921686" m_tx="22.422445" m_ty="-48.066101"/>
  </frame>
  <frame idx="250" w="349" h="664" x="-36.229691" y="-322.339661">
   <element name="balls" layername="originalBall" frame="0" z_index="2" m_a="-0.600192" m_b="-0.799856" m_c="0.799856" m_d="-0.600192" m_tx="44.798943" m_ty="-32.583645"/>
  </frame>
  <frame idx="275" w="197" h="541" x="43.172829" y="-268.500732">
   <element name="balls" layername="originalBall" frame="0" z_index="2" m_a="-0.114823" m_b="-0.993386" m_c="0.993386" m_d="-0.114823" m_tx="56.311588" m_ty="-7.928571"/>
  </frame>
  <frame idx="300" w="197" h="491" x="84.580154" y="-181.962677">
   <element name="balls" layername="originalBall" frame="0" z_index="2" m_a="0.401896" m_b="-0.915685" m_c="0.915685" m_d="0.401896" m_tx="53.817009" m_ty="19.167398"/>
  </frame>
  <frame idx="325" w="224" h="403" x="76.686569" y="-86.353668">
   <element name="balls" layername="originalBall" frame="0" z_index="2" m_a="0.808884" m_b="-0.587969" m_c="0.587969" m_d="0.808884" m_tx="37.996326" m_ty="41.306046"/>
  </frame>
  <frame idx="350" w="225" h="322" x="50.258446" y="-37.742805">
   <element name="balls" layername="originalBall" frame="0" z_index="2" m_a="0.947324" m_b="-0.320278" m_c="0.320278" m_d="0.947324" m_tx="24.493320" m_ty="49.303776"/>
  </frame>
 </anim>
</Anims>
