<Anims>
 <anim name="idle" root="fx_boom_orange_real" numframes="875" framerate="40">
  <frame idx="0" w="140" h="189" x="1.000000" y="-1.000000">
   <element name="fx_resource" layername="fx" frame="1" z_index="1" m_a="1.000000" m_b="0.000000" m_c="0.000000" m_d="1.000000" m_tx="-63.000000" m_ty="-86.000000"/>
  </frame>
  <frame idx="25" w="140" h="189" x="1.000000" y="-1.000000">
   <element name="fx_resource" layername="fx" frame="1" z_index="1" m_a="1.000000" m_b="0.000000" m_c="0.000000" m_d="1.000000" m_tx="-63.000000" m_ty="-86.000000"/>
  </frame>
  <frame idx="50" w="140" h="189" x="1.000000" y="-1.000000">
   <element name="fx_resource" layername="fx" frame="2" z_index="1" m_a="1.000000" m_b="0.000000" m_c="0.000000" m_d="1.000000" m_tx="-63.000000" m_ty="-86.000000"/>
  </frame>
  <frame idx="75" w="140" h="189" x="1.000000" y="-1.000000">
   <element name="fx_resource" layername="fx" frame="2" z_index="1" m_a="1.000000" m_b="0.000000" m_c="0.000000" m_d="1.000000" m_tx="-63.000000" m_ty="-86.000000"/>
  </frame>
  <frame idx="100" w="140" h="189" x="1.000000" y="-1.000000">
   <element name="fx_resource" layername="fx" frame="3" z_index="1" m_a="1.000000" m_b="0.000000" m_c="0.000000" m_d="1.000000" m_tx="-63.000000" m_ty="-86.000000"/>
  </frame>
  <frame idx="125" w="140" h="189" x="1.000000" y="-1.000000">
   <element name="fx_resource" layername="fx" frame="4" z_index="1" m_a="1.000000" m_b="0.000000" m_c="0.000000" m_d="1.000000" m_tx="-63.000000" m_ty="-86.000000"/>
  </frame>
  <frame idx="150" w="140" h="189" x="1.000000" y="-1.000000">
   <element name="fx_resource" layername="fx" frame="4" z_index="1" m_a="1.000000" m_b="0.000000" m_c="0.000000" m_d="1.000000" m_tx="-63.000000" m_ty="-86.000000"/>
  </frame>
  <frame idx="175" w="140" h="189" x="1.000000" y="-1.000000">
   <element name="fx_resource" layername="fx" frame="5" z_index="1" m_a="1.000000" m_b="0.000000" m_c="0.000000" m_d="1.000000" m_tx="-63.000000" m_ty="-86.000000"/>
  </frame>
  <frame idx="200" w="140" h="189" x="1.000000" y="-1.000000">
   <element name="fx_resource" layername="fx" frame="6" z_index="1" m_a="1.000000" m_b="0.000000" m_c="0.000000" m_d="1.000000" m_tx="-63.000000" m_ty="-86.000000"/>
  </frame>
  <frame idx="225" w="140" h="189" x="1.000000" y="-1.000000">
   <element name="fx_resource" layername="fx" frame="6" z_index="1" m_a="1.000000" m_b="0.000000" m_c="0.000000" m_d="1.000000" m_tx="-63.000000" m_ty="-86.000000"/>
  </frame>
  <frame idx="250" w="140" h="189" x="1.000000" y="-1.000000">
   <element name="fx_resource" layername="fx" frame="7" z_index="1" m_a="1.000000" m_b="0.000000" m_c="0.000000" m_d="1.000000" m_tx="-63.000000" m_ty="-86.000000"/>
  </frame>
  <frame idx="275" w="140" h="189" x="1.000000" y="-1.000000">
   <element name="fx_resource" layername="fx" frame="7" z_index="1" m_a="1.000000" m_b="0.000000" m_c="0.000000" m_d="1.000000" m_tx="-63.000000" m_ty="-86.000000"/>
  </frame>
  <frame idx="300" w="140" h="189" x="1.000000" y="-1.000000">
   <element name="fx_resource" layername="fx" frame="8" z_index="1" m_a="1.000000" m_b="0.000000" m_c="0.000000" m_d="1.000000" m_tx="-63.000000" m_ty="-86.000000"/>
  </frame>
  <frame idx="325" w="140" h="189" x="1.000000" y="-1.000000">
   <element name="fx_resource" layername="fx" frame="9" z_index="1" m_a="1.000000" m_b="0.000000" m_c="0.000000" m_d="1.000000" m_tx="-63.000000" m_ty="-86.000000"/>
  </frame>
  <frame idx="350" w="140" h="189" x="1.000000" y="-1.000000">
   <element name="fx_resource" layername="fx" frame="9" z_index="1" m_a="1.000000" m_b="0.000000" m_c="0.000000" m_d="1.000000" m_tx="-63.000000" m_ty="-86.000000"/>
  </frame>
  <frame idx="375" w="140" h="189" x="1.000000" y="-1.000000">
   <element name="fx_resource" layername="fx" frame="10" z_index="1" m_a="1.000000" m_b="0.000000" m_c="0.000000" m_d="1.000000" m_tx="-63.000000" m_ty="-86.000000"/>
  </frame>
  <frame idx="400" w="140" h="189" x="1.000000" y="-1.000000">
   <element name="fx_resource" layername="fx" frame="11" z_index="1" m_a="1.000000" m_b="0.000000" m_c="0.000000" m_d="1.000000" m_tx="-63.000000" m_ty="-86.000000"/>
  </frame>
  <frame idx="425" w="140" h="189" x="1.000000" y="-1.000000">
   <element name="fx_resource" layername="fx" frame="11" z_index="1" m_a="1.000000" m_b="0.000000" m_c="0.000000" m_d="1.000000" m_tx="-63.000000" m_ty="-86.000000"/>
  </frame>
  <frame idx="450" w="140" h="189" x="1.000000" y="-1.000000">
   <element name="fx_resource" layername="fx" frame="12" z_index="1" m_a="1.000000" m_b="0.000000" m_c="0.000000" m_d="1.000000" m_tx="-63.000000" m_ty="-86.000000"/>
  </frame>
  <frame idx="475" w="140" h="189" x="1.000000" y="-1.000000">
   <element name="fx_resource" layername="fx" frame="12" z_index="1" m_a="1.000000" m_b="0.000000" m_c="0.000000" m_d="1.000000" m_tx="-63.000000" m_ty="-86.000000"/>
  </frame>
  <frame idx="500" w="140" h="189" x="1.000000" y="-1.000000">
   <element name="fx_resource" layername="fx" frame="13" z_index="1" m_a="1.000000" m_b="0.000000" m_c="0.000000" m_d="1.000000" m_tx="-63.000000" m_ty="-86.000000"/>
  </frame>
  <frame idx="525" w="140" h="189" x="1.000000" y="-1.000000">
   <element name="fx_resource" layername="fx" frame="14" z_index="1" m_a="1.000000" m_b="0.000000" m_c="0.000000" m_d="1.000000" m_tx="-63.000000" m_ty="-86.000000"/>
  </frame>
  <frame idx="550" w="140" h="189" x="1.000000" y="-1.000000">
   <element name="fx_resource" layername="fx" frame="14" z_index="1" m_a="1.000000" m_b="0.000000" m_c="0.000000" m_d="1.000000" m_tx="-63.000000" m_ty="-86.000000"/>
  </frame>
  <frame idx="575" w="140" h="189" x="1.000000" y="-1.000000">
   <element name="fx_resource" layername="fx" frame="15" z_index="1" m_a="1.000000" m_b="0.000000" m_c="0.000000" m_d="1.000000" m_tx="-63.000000" m_ty="-86.000000"/>
  </frame>
  <frame idx="600" w="140" h="189" x="1.000000" y="-1.000000">
   <element name="fx_resource" layername="fx" frame="16" z_index="1" m_a="1.000000" m_b="0.000000" m_c="0.000000" m_d="1.000000" m_tx="-63.000000" m_ty="-86.000000"/>
  </frame>
  <frame idx="625" w="140" h="189" x="1.000000" y="-1.000000">
   <element name="fx_resource" layername="fx" frame="16" z_index="1" m_a="1.000000" m_b="0.000000" m_c="0.000000" m_d="1.000000" m_tx="-63.000000" m_ty="-86.000000"/>
  </frame>
  <frame idx="650" w="140" h="189" x="1.000000" y="-1.000000">
   <element name="fx_resource" layername="fx" frame="17" z_index="1" m_a="1.000000" m_b="0.000000" m_c="0.000000" m_d="1.000000" m_tx="-63.000000" m_ty="-86.000000"/>
  </frame>
  <frame idx="675" w="140" h="189" x="1.000000" y="-1.000000">
   <element name="fx_resource" layername="fx" frame="17" z_index="1" m_a="1.000000" m_b="0.000000" m_c="0.000000" m_d="1.000000" m_tx="-63.000000" m_ty="-86.000000"/>
  </frame>
  <frame idx="700" w="140" h="189" x="1.000000" y="-1.000000">
   <element name="fx_resource" layername="fx" frame="18" z_index="1" m_a="1.000000" m_b="0.000000" m_c="0.000000" m_d="1.000000" m_tx="-63.000000" m_ty="-86.000000"/>
  </frame>
  <frame idx="725" w="140" h="189" x="1.000000" y="-1.000000">
   <element name="fx_resource" layername="fx" frame="19" z_index="1" m_a="1.000000" m_b="0.000000" m_c="0.000000" m_d="1.000000" m_tx="-63.000000" m_ty="-86.000000"/>
  </frame>
  <frame idx="750" w="140" h="189" x="1.000000" y="-1.000000">
   <element name="fx_resource" layername="fx" frame="19" z_index="1" m_a="1.000000" m_b="0.000000" m_c="0.000000" m_d="1.000000" m_tx="-63.000000" m_ty="-86.000000"/>
  </frame>
  <frame idx="775" w="140" h="189" x="1.000000" y="-1.000000">
   <element name="fx_resource" layername="fx" frame="20" z_index="1" m_a="1.000000" m_b="0.000000" m_c="0.000000" m_d="1.000000" m_tx="-63.000000" m_ty="-86.000000"/>
  </frame>
  <frame idx="800" w="140" h="189" x="1.000000" y="-1.000000">
   <element name="fx_resource" layername="fx" frame="21" z_index="1" m_a="1.000000" m_b="0.000000" m_c="0.000000" m_d="1.000000" m_tx="-63.000000" m_ty="-86.000000"/>
  </frame>
  <frame idx="825" w="140" h="189" x="1.000000" y="-1.000000">
   <element name="fx_resource" layername="fx" frame="21" z_index="1" m_a="1.000000" m_b="0.000000" m_c="0.000000" m_d="1.000000" m_tx="-63.000000" m_ty="-86.000000"/>
  </frame>
  <frame idx="850" w="140" h="189" x="1.000000" y="-1.000000">
   <element name="fx_resource" layername="fx" frame="22" z_index="1" m_a="1.000000" m_b="0.000000" m_c="0.000000" m_d="1.000000" m_tx="-63.000000" m_ty="-86.000000"/>
  </frame>
 </anim>
</Anims>
