<Anims>
 <anim name="idle" root="star_fx" numframes="350" framerate="40">
  <frame idx="0" w="-1402" h="1452" x="1383.094971" y="-1205.924072">
   <element name="star_fx" layername="Ambience_Meteor" frame="0" z_index="3" m_a="0.796023" m_b="0.605267" m_c="-0.605267" m_d="0.796023" m_tx="1387.471069" m_ty="-1262.896484"/>
  </frame>
  <frame idx="25" w="-1290" h="1377" x="1291.036255" y="-1126.162598">
   <element name="star_fx" layername="Ambience_Meteor" frame="0" z_index="3" m_a="0.882182" m_b="0.675143" m_c="-0.659358" m_d="0.861556" m_tx="1295.337769" m_ty="-1188.446655"/>
  </frame>
  <frame idx="50" w="-1177" h="1301" x="1198.985840" y="-1046.401245">
   <element name="star_fx" layername="Ambience_Meteor" frame="0" z_index="3" m_a="0.967911" m_b="0.745563" m_c="-0.713864" m_d="0.926758" m_tx="1203.245972" m_ty="-1113.998047"/>
  </frame>
  <frame idx="75" w="-1063" h="1225" x="1106.943848" y="-966.640259">
   <element name="star_fx" layername="Ambience_Meteor" frame="0" z_index="3" m_a="1.053207" m_b="0.816526" m_c="-0.768784" m_d="0.991627" m_tx="1111.196167" m_ty="-1039.550659"/>
  </frame>
  <frame idx="100" w="-951" h="1149" x="1014.910828" y="-886.879761">
   <element name="star_fx" layername="Ambience_Meteor" frame="0" z_index="3" m_a="1.138068" m_b="0.888029" m_c="-0.824116" m_d="1.056161" m_tx="1019.188293" m_ty="-965.104370"/>
  </frame>
  <frame idx="125" w="-838" h="1073" x="922.886292" y="-807.119385">
   <element name="star_fx" layername="Ambience_Meteor" frame="0" z_index="3" m_a="1.222492" m_b="0.960069" m_c="-0.879859" m_d="1.120358" m_tx="927.222290" m_ty="-890.658691"/>
  </frame>
  <frame idx="150" w="-726" h="997" x="830.870178" y="-727.359375">
   <element name="star_fx" layername="Ambience_Meteor" frame="0" z_index="3" m_a="1.306475" m_b="1.032647" m_c="-0.936012" m_d="1.184215" m_tx="835.298035" m_ty="-816.213745"/>
  </frame>
  <frame idx="175" w="-612" h="920" x="738.862671" y="-647.599548">
   <element name="star_fx" layername="Ambience_Meteor" frame="0" z_index="3" m_a="1.390015" m_b="1.105757" m_c="-0.992571" m_d="1.247732" m_tx="743.415649" m_ty="-741.769165"/>
  </frame>
  <frame idx="200" w="-499" h="844" x="646.863770" y="-567.839844">
   <element name="star_fx" layername="Ambience_Meteor" frame="0" z_index="3" m_a="1.473110" m_b="1.179400" m_c="-1.049536" m_d="1.310906" m_tx="651.575134" m_ty="-667.324768"/>
  </frame>
  <frame idx="225" w="-387" h="768" x="554.873413" y="-488.080322">
   <element name="star_fx" layername="Ambience_Meteor" frame="0" z_index="3" m_a="1.555757" m_b="1.253572" m_c="-1.106906" m_d="1.373736" m_tx="559.776428" m_ty="-592.880371"/>
  </frame>
  <frame idx="250" w="-273" h="692" x="462.891693" y="-408.320862">
   <element name="star_fx" layername="Ambience_Meteor" frame="0" z_index="3" m_a="1.637955" m_b="1.328272" m_c="-1.164678" m_d="1.436219" m_tx="468.019623" m_ty="-518.435791"/>
  </frame>
  <frame idx="275" w="-160" h="616" x="370.918457" y="-328.561462">
   <element name="star_fx" layername="Ambience_Meteor" frame="0" z_index="3" m_a="1.719699" m_b="1.403497" m_c="-1.222851" m_d="1.498353" m_tx="376.304657" m_ty="-443.990845"/>
  </frame>
  <frame idx="300" w="-48" h="541" x="278.953796" y="-248.802063">
   <element name="star_fx" layername="Ambience_Meteor" frame="0" z_index="3" m_a="1.800987" m_b="1.479247" m_c="-1.281423" m_d="1.560137" m_tx="284.631500" m_ty="-369.545288"/>
  </frame>
  <frame idx="325" w="65" h="465" x="186.997787" y="-169.042664">
   <element name="star_fx" layername="Ambience_Meteor" frame="0" z_index="3" m_a="1.881818" m_b="1.555518" m_c="-1.340395" m_d="1.621568" m_tx="193.000397" m_ty="-295.098999"/>
  </frame>
 </anim>
 <anim name="idle1" root="star_fx" numframes="350" framerate="40">
  <frame idx="0" w="-1246" h="1489" x="1205.852051" y="-1279.458984">
   <element name="star_fx" layername="Starfury" frame="1" z_index="3" m_a="-1.651338" m_b="0.078748" m_c="-0.078748" m_d="-1.651338" m_tx="1242.183838" m_ty="-1246.434570"/>
  </frame>
  <frame idx="25" w="-1152" h="1408" x="1127.749512" y="-1196.908081">
   <element name="star_fx" layername="Starfury" frame="1" z_index="3" m_a="-1.801943" m_b="0.085930" m_c="-0.090236" m_d="-1.892250" m_tx="1167.485229" m_ty="-1158.975342"/>
  </frame>
  <frame idx="50" w="-1059" h="1329" x="1049.646973" y="-1114.357056">
   <element name="star_fx" layername="Starfury" frame="1" z_index="3" m_a="-1.952547" m_b="0.093112" m_c="-0.101725" m_d="-2.133162" m_tx="1092.786743" m_ty="-1071.515991"/>
  </frame>
  <frame idx="75" w="-965" h="1250" x="971.544556" y="-1031.806152">
   <element name="star_fx" layername="Starfury" frame="1" z_index="3" m_a="-2.103151" m_b="0.100293" m_c="-0.113213" m_d="-2.374074" m_tx="1018.088196" m_ty="-984.056763"/>
  </frame>
  <frame idx="100" w="-872" h="1171" x="893.442017" y="-949.255188">
   <element name="star_fx" layername="Starfury" frame="1" z_index="3" m_a="-2.253755" m_b="0.107475" m_c="-0.124701" m_d="-2.614985" m_tx="943.389648" m_ty="-896.597473"/>
  </frame>
  <frame idx="125" w="-778" h="1092" x="815.339478" y="-866.704224">
   <element name="star_fx" layername="Starfury" frame="1" z_index="3" m_a="-2.404359" m_b="0.114657" m_c="-0.136190" m_d="-2.855897" m_tx="868.691040" m_ty="-809.138184"/>
  </frame>
  <frame idx="150" w="-685" h="1012" x="737.237061" y="-784.153320">
   <element name="star_fx" layername="Starfury" frame="1" z_index="3" m_a="-2.554963" m_b="0.121839" m_c="-0.147678" m_d="-3.096809" m_tx="793.992554" m_ty="-721.678955"/>
  </frame>
  <frame idx="175" w="-591" h="933" x="659.134521" y="-701.602417">
   <element name="star_fx" layername="Starfury" frame="1" z_index="3" m_a="-2.705567" m_b="0.129021" m_c="-0.159167" m_d="-3.337721" m_tx="719.293945" m_ty="-634.219727"/>
  </frame>
  <frame idx="200" w="-498" h="854" x="581.032043" y="-619.051453">
   <element name="star_fx" layername="Starfury" frame="1" z_index="3" m_a="-2.856171" m_b="0.136203" m_c="-0.170655" m_d="-3.578633" m_tx="644.595398" m_ty="-546.760437"/>
  </frame>
  <frame idx="225" w="-404" h="774" x="502.929565" y="-536.500549">
   <element name="star_fx" layername="Starfury" frame="1" z_index="3" m_a="-3.006775" m_b="0.143385" m_c="-0.182144" m_d="-3.819544" m_tx="569.896851" m_ty="-459.301178"/>
  </frame>
  <frame idx="250" w="-312" h="695" x="424.827087" y="-453.949585">
   <element name="star_fx" layername="Starfury" frame="1" z_index="3" m_a="-3.157380" m_b="0.150567" m_c="-0.193632" m_d="-4.060456" m_tx="495.198334" m_ty="-371.841919"/>
  </frame>
  <frame idx="275" w="-218" h="615" x="346.724609" y="-371.398621">
   <element name="star_fx" layername="Starfury" frame="1" z_index="3" m_a="-3.307984" m_b="0.157749" m_c="-0.205120" m_d="-4.301368" m_tx="420.499786" m_ty="-284.382629"/>
  </frame>
  <frame idx="300" w="-125" h="536" x="268.622040" y="-288.847626">
   <element name="star_fx" layername="Starfury" frame="1" z_index="3" m_a="-3.458588" m_b="0.164931" m_c="-0.216609" m_d="-4.542280" m_tx="345.801178" m_ty="-196.923279"/>
  </frame>
  <frame idx="325" w="-31" h="457" x="190.519592" y="-206.296783">
   <element name="star_fx" layername="Starfury" frame="1" z_index="3" m_a="-3.609192" m_b="0.172112" m_c="-0.228097" m_d="-4.783191" m_tx="271.102661" m_ty="-109.464134"/>
  </frame>
 </anim>
 <anim name="idle2" root="star_fx" numframes="350" framerate="40">
  <frame idx="0" w="-1662" h="1681" x="1631.440918" y="-1404.832275">
   <element name="star_fx" layername="Star_Wrath_(projectile)" frame="2" z_index="3" m_a="-0.755928" m_b="0.848938" m_c="-1.516889" m_d="-1.350697" m_tx="1691.244873" m_ty="-1420.072632"/>
  </frame>
  <frame idx="25" w="-1531" h="1587" x="1520.733887" y="-1310.304443">
   <element name="star_fx" layername="Star_Wrath_(projectile)" frame="2" z_index="3" m_a="-0.809549" m_b="0.909157" m_c="-1.620969" m_d="-1.443374" m_tx="1584.720093" m_ty="-1326.679199"/>
  </frame>
  <frame idx="50" w="-1400" h="1492" x="1410.026855" y="-1215.776733">
   <element name="star_fx" layername="Star_Wrath_(projectile)" frame="2" z_index="3" m_a="-0.863170" m_b="0.969375" m_c="-1.725048" m_d="-1.536051" m_tx="1478.195313" m_ty="-1233.285767"/>
  </frame>
  <frame idx="75" w="-1269" h="1397" x="1299.319824" y="-1121.249023">
   <element name="star_fx" layername="Star_Wrath_(projectile)" frame="2" z_index="3" m_a="-0.916790" m_b="1.029593" m_c="-1.829128" m_d="-1.628728" m_tx="1371.670532" m_ty="-1139.892334"/>
  </frame>
  <frame idx="100" w="-1138" h="1303" x="1188.612671" y="-1026.721436">
   <element name="star_fx" layername="Star_Wrath_(projectile)" frame="2" z_index="3" m_a="-0.970411" m_b="1.089812" m_c="-1.933208" m_d="-1.721405" m_tx="1265.145752" m_ty="-1046.499023"/>
  </frame>
  <frame idx="125" w="-1007" h="1208" x="1077.905518" y="-932.193604">
   <element name="star_fx" layername="Star_Wrath_(projectile)" frame="2" z_index="3" m_a="-1.024032" m_b="1.150030" m_c="-2.037288" m_d="-1.814082" m_tx="1158.620850" m_ty="-953.105591"/>
  </frame>
  <frame idx="150" w="-876" h="1114" x="967.198547" y="-837.665894">
   <element name="star_fx" layername="Star_Wrath_(projectile)" frame="2" z_index="3" m_a="-1.077653" m_b="1.210248" m_c="-2.141368" m_d="-1.906759" m_tx="1052.096191" m_ty="-859.712158"/>
  </frame>
  <frame idx="175" w="-745" h="1019" x="856.491455" y="-743.138184">
   <element name="star_fx" layername="Star_Wrath_(projectile)" frame="2" z_index="3" m_a="-1.131274" m_b="1.270467" m_c="-2.245448" m_d="-1.999436" m_tx="945.571350" m_ty="-766.318726"/>
  </frame>
  <frame idx="200" w="-614" h="924" x="745.784424" y="-648.610474">
   <element name="star_fx" layername="Star_Wrath_(projectile)" frame="2" z_index="3" m_a="-1.184894" m_b="1.330685" m_c="-2.349528" m_d="-2.092112" m_tx="839.046631" m_ty="-672.925354"/>
  </frame>
  <frame idx="225" w="-484" h="830" x="635.077271" y="-554.082642">
   <element name="star_fx" layername="Star_Wrath_(projectile)" frame="2" z_index="3" m_a="-1.238515" m_b="1.390903" m_c="-2.453608" m_d="-2.184789" m_tx="732.521790" m_ty="-579.531860"/>
  </frame>
  <frame idx="250" w="-353" h="735" x="524.370117" y="-459.554932">
   <element name="star_fx" layername="Star_Wrath_(projectile)" frame="2" z_index="3" m_a="-1.292136" m_b="1.451122" m_c="-2.557688" m_d="-2.277466" m_tx="625.996948" m_ty="-486.138489"/>
  </frame>
  <frame idx="275" w="-222" h="641" x="413.663177" y="-365.027283">
   <element name="star_fx" layername="Star_Wrath_(projectile)" frame="2" z_index="3" m_a="-1.345757" m_b="1.511340" m_c="-2.661768" m_d="-2.370143" m_tx="519.472290" m_ty="-392.745117"/>
  </frame>
  <frame idx="300" w="-90" h="546" x="302.955994" y="-270.499512">
   <element name="star_fx" layername="Star_Wrath_(projectile)" frame="2" z_index="3" m_a="-1.399377" m_b="1.571558" m_c="-2.765848" m_d="-2.462820" m_tx="412.947388" m_ty="-299.351685"/>
  </frame>
  <frame idx="325" w="41" h="451" x="192.248901" y="-175.971741">
   <element name="star_fx" layername="Star_Wrath_(projectile)" frame="2" z_index="3" m_a="-1.452998" m_b="1.631777" m_c="-2.869928" m_d="-2.555497" m_tx="306.422607" m_ty="-205.958252"/>
  </frame>
 </anim>
</Anims>
