<Anims>
 <anim name="fly" root="star" numframes="1000" framerate="40">
  <frame idx="0" w="223" h="310" x="0.608269" y="2.653656">
   <element name="balls" layername="13" frame="0" z_index="2" m_a="0.999977" m_b="0.006844" m_c="-0.006844" m_d="0.999977" m_tx="2.243989" m_ty="47.237797"/>
  </frame>
  <frame idx="25" w="235" h="365" x="32.584923" y="-18.543549">
   <element name="balls" layername="13" frame="0" z_index="2" m_a="0.985243" m_b="-0.171159" m_c="0.171159" m_d="0.985243" m_tx="10.595506" m_ty="45.918301"/>
  </frame>
  <frame idx="50" w="248" h="417" x="60.280495" y="-45.091156">
   <element name="balls" layername="13" frame="0" z_index="2" m_a="0.939079" m_b="-0.343702" m_c="0.343702" m_d="0.939079" m_tx="18.579048" m_ty="43.134140"/>
  </frame>
  <frame idx="75" w="257" h="464" x="82.811584" y="-76.142349">
   <element name="balls" layername="13" frame="0" z_index="2" m_a="0.862956" m_b="-0.505280" m_c="0.505280" m_d="0.862956" m_tx="25.939968" m_ty="38.974121"/>
  </frame>
  <frame idx="100" w="260" h="501" x="99.459305" y="-110.706390">
   <element name="balls" layername="13" frame="0" z_index="2" m_a="0.759302" m_b="-0.650738" m_c="0.650738" m_d="0.759302" m_tx="32.443401" m_ty="33.570984"/>
  </frame>
  <frame idx="125" w="260" h="530" x="109.692612" y="-147.680801">
   <element name="balls" layername="13" frame="0" z_index="2" m_a="0.631426" m_b="-0.775436" m_c="0.775436" m_d="0.631426" m_tx="37.881901" m_ty="27.097069"/>
  </frame>
  <frame idx="150" w="255" h="548" x="113.185005" y="-185.886017">
   <element name="balls" layername="13" frame="0" z_index="2" m_a="0.483404" m_b="-0.875397" m_c="0.875397" m_d="0.483404" m_tx="42.081963" m_ty="19.758896"/>
  </frame>
  <frame idx="175" w="245" h="555" x="109.825081" y="-224.102905">
   <element name="balls" layername="13" frame="0" z_index="2" m_a="0.319963" m_b="-0.947430" m_c="0.947430" m_d="0.319963" m_tx="44.909569" m_ty="11.790635"/>
  </frame>
  <frame idx="200" w="230" h="552" x="99.720016" y="-261.112579">
   <element name="balls" layername="13" frame="0" z_index="2" m_a="0.146313" m_b="-0.989238" m_c="0.989238" m_d="0.146313" m_tx="46.274532" m_ty="3.446429"/>
  </frame>
  <frame idx="225" w="227" h="556" x="83.192223" y="-295.734100">
   <element name="balls" layername="13" frame="0" z_index="2" m_a="-0.032004" m_b="-0.999488" m_c="0.999488" m_d="-0.032004" m_tx="46.133308" m_ty="-5.007480"/>
  </frame>
  <frame idx="250" w="286" h="645" x="59.365311" y="-328.468018">
   <element name="balls" layername="13" frame="0" z_index="2" m_a="-0.218997" m_b="-0.975726" m_c="0.975726" m_d="-0.218997" m_tx="44.356071" m_ty="-13.751697"/>
  </frame>
  <frame idx="275" w="345" h="723" x="27.274872" y="-358.087097">
   <element name="balls" layername="13" frame="0" z_index="2" m_a="-0.411821" m_b="-0.911265" m_c="0.911265" m_d="-0.411821" m_tx="40.637077" m_ty="-22.628584"/>
  </frame>
  <frame idx="300" w="392" h="780" x="-10.143097" y="-380.603302">
   <element name="balls" layername="13" frame="0" z_index="2" m_a="-0.587623" m_b="-0.809135" m_c="0.809135" m_d="-0.587623" m_tx="35.199501" m_ty="-30.569798"/>
  </frame>
  <frame idx="325" w="429" h="813" x="-51.341812" y="-395.085999">
   <element name="balls" layername="13" frame="0" z_index="2" m_a="-0.739133" m_b="-0.673559" m_c="0.673559" m_d="-0.739133" m_tx="28.268122" m_ty="-37.247066"/>
  </frame>
  <frame idx="350" w="453" h="821" x="-94.618332" y="-400.936523">
   <element name="balls" layername="13" frame="0" z_index="2" m_a="-0.860091" m_b="-0.510140" m_c="0.510140" m_d="-0.860091" m_tx="20.129450" m_ty="-42.384388"/>
  </frame>
  <frame idx="375" w="462" h="803" x="-138.183685" y="-397.912964">
   <element name="balls" layername="13" frame="0" z_index="2" m_a="-0.945496" m_b="-0.325634" m_c="0.325634" m_d="-0.945496" m_tx="11.119921" m_ty="-45.769394"/>
  </frame>
  <frame idx="400" w="457" h="762" x="-180.237167" y="-386.140289">
   <element name="balls" layername="13" frame="0" z_index="2" m_a="-0.991817" m_b="-0.127667" m_c="0.127667" m_d="-0.991817" m_tx="1.611928" m_ty="-47.262169"/>
  </frame>
  <frame idx="425" w="484" h="730" x="-219.040237" y="-366.105225">
   <element name="balls" layername="13" frame="0" z_index="2" m_a="-0.997140" m_b="0.075577" m_c="-0.075577" m_d="-0.997140" m_tx="-8.001458" m_ty="-46.800999"/>
  </frame>
  <frame idx="450" w="576" h="732" x="-252.989014" y="-338.635986">
   <element name="balls" layername="13" frame="0" z_index="2" m_a="-0.961245" m_b="0.275697" m_c="-0.275697" m_d="-0.961245" m_tx="-17.322876" m_ty="-44.404953"/>
  </frame>
  <frame idx="475" w="648" h="713" x="-280.680267" y="-304.867828">
   <element name="balls" layername="13" frame="0" z_index="2" m_a="-0.885615" m_b="0.464421" m_c="-0.464421" m_d="-0.885615" m_tx="-25.967031" m_ty="-40.173061"/>
  </frame>
  <frame idx="500" w="699" h="674" x="-300.969116" y="-266.196869">
   <element name="balls" layername="13" frame="0" z_index="2" m_a="-0.773376" m_b="0.633947" m_c="-0.633947" m_d="-0.773376" m_tx="-33.576565" m_ty="-34.280277"/>
  </frame>
  <frame idx="525" w="725" h="614" x="-313.017090" y="-224.221497">
   <element name="balls" layername="13" frame="0" z_index="2" m_a="-0.629170" m_b="0.777268" m_c="-0.777268" m_d="-0.629170" m_tx="-39.836952" m_ty="-26.970171"/>
  </frame>
  <frame idx="550" w="725" h="537" x="-316.326080" y="-180.676819">
   <element name="balls" layername="13" frame="0" z_index="2" m_a="-0.458955" m_b="0.888460" m_c="-0.888460" m_d="-0.458955" m_tx="-44.489395" m_ty="-18.544920"/>
  </frame>
  <frame idx="575" w="701" h="448" x="-310.759277" y="-137.362915">
   <element name="balls" layername="13" frame="0" z_index="2" m_a="-0.269769" m_b="0.962925" m_c="-0.962925" m_d="-0.269769" m_tx="-47.341587" m_ty="-9.352800"/>
  </frame>
  <frame idx="600" w="677" h="394" x="-304.004089" y="-114.349564">
   <element name="balls" layername="13" frame="0" z_index="2" m_a="-0.160732" m_b="0.986998" m_c="-0.986998" m_d="-0.160732" m_tx="-48.095806" m_ty="-4.120996"/>
  </frame>
  <frame idx="625" w="652" h="347" x="-296.342194" y="-95.629028">
   <element name="balls" layername="13" frame="0" z_index="2" m_a="-0.067172" m_b="0.997741" m_c="-0.997741" m_d="-0.067172" m_tx="-48.275013" m_ty="0.333393"/>
  </frame>
  <frame idx="650" w="633" h="315" x="-286.953217" y="-77.712234">
   <element name="balls" layername="13" frame="0" z_index="2" m_a="0.026982" m_b="0.999636" m_c="-0.999636" m_d="0.026982" m_tx="-48.034401" m_ty="4.784889"/>
  </frame>
  <frame idx="675" w="640" h="324" x="-275.920593" y="-60.758286">
   <element name="balls" layername="13" frame="0" z_index="2" m_a="0.120897" m_b="0.992665" m_c="-0.992665" m_d="0.120897" m_tx="-47.376114" m_ty="9.193965"/>
  </frame>
  <frame idx="700" w="641" h="332" x="-263.341888" y="-44.917191">
   <element name="balls" layername="13" frame="0" z_index="2" m_a="0.213740" m_b="0.976891" m_c="-0.976891" m_d="0.213740" m_tx="-46.305977" m_ty="13.521610"/>
  </frame>
  <frame idx="725" w="637" h="338" x="-249.328979" y="-30.329758">
   <element name="balls" layername="13" frame="0" z_index="2" m_a="0.304687" m_b="0.952452" m_c="-0.952452" m_d="0.304687" m_tx="-44.833500" m_ty="17.729357"/>
  </frame>
  <frame idx="750" w="630" h="344" x="-234.005829" y="-17.125031">
   <element name="balls" layername="13" frame="0" z_index="2" m_a="0.392933" m_b="0.919567" m_c="-0.919567" m_d="0.392933" m_tx="-42.971722" m_ty="21.779972"/>
  </frame>
  <frame idx="775" w="618" h="348" x="-217.508545" y="-5.420380">
   <element name="balls" layername="13" frame="0" z_index="2" m_a="0.477693" m_b="0.878527" m_c="-0.878527" m_d="0.477693" m_tx="-40.737171" m_ty="25.637468"/>
  </frame>
  <frame idx="800" w="601" h="351" x="-199.983368" y="4.680527">
   <element name="balls" layername="13" frame="0" z_index="2" m_a="0.558217" m_b="0.829695" m_c="-0.829695" m_d="0.558217" m_tx="-38.149658" m_ty="29.267660"/>
  </frame>
  <frame idx="825" w="580" h="354" x="-181.585632" y="13.088074">
   <element name="balls" layername="13" frame="0" z_index="2" m_a="0.633790" m_b="0.773505" m_c="-0.773505" m_d="0.633790" m_tx="-35.232117" m_ty="32.638363"/>
  </frame>
  <frame idx="850" w="555" h="354" x="-162.478683" y="19.727631">
   <element name="balls" layername="13" frame="0" z_index="2" m_a="0.703743" m_b="0.710455" m_c="-0.710455" m_d="0.703743" m_tx="-32.010445" m_ty="35.719650"/>
  </frame>
  <frame idx="875" w="526" h="354" x="-142.831879" y="24.540405">
   <element name="balls" layername="13" frame="0" z_index="2" m_a="0.767454" m_b="0.641104" m_c="-0.641104" m_d="0.767454" m_tx="-28.513208" m_ty="38.484222"/>
  </frame>
  <frame idx="900" w="493" h="351" x="-122.819473" y="27.483658">
   <element name="balls" layername="13" frame="0" z_index="2" m_a="0.824359" m_b="0.566068" m_c="-0.566068" m_d="0.824359" m_tx="-24.771420" m_ty="40.907547"/>
  </frame>
  <frame idx="925" w="447" h="347" x="-97.109131" y="28.486618">
   <element name="balls" layername="13" frame="0" z_index="2" m_a="0.886132" m_b="0.463434" m_c="-0.463434" m_d="0.886132" m_tx="-19.709743" m_ty="43.463940"/>
  </frame>
  <frame idx="950" w="378" h="337" x="-63.304398" y="25.091049">
   <element name="balls" layername="13" frame="0" z_index="2" m_a="0.948121" m_b="0.317911" m_c="-0.317911" m_d="0.948121" m_tx="-12.622620" m_ty="45.880196"/>
  </frame>
  <frame idx="975" w="303" h="325" x="-30.458061" y="16.407654">
   <element name="balls" layername="13" frame="0" z_index="2" m_a="0.986388" m_b="0.164435" m_c="-0.164435" m_d="0.986388" m_tx="-5.243179" m_ty="47.148724"/>
  </frame>
 </anim>
 <anim name="idle" root="star" numframes="1000" framerate="40">
  <frame idx="0" w="222" h="357" x="-0.671738" y="-41.916992">
   <element name="balls" layername="13" frame="0" z_index="2" m_a="1.000000" m_b="0.000000" m_c="0.000000" m_d="1.000000" m_tx="-0.003342" m_ty="3.348257"/>
  </frame>
  <frame idx="25" w="222" h="357" x="-0.671738" y="-41.916992">
   <element name="balls" layername="13" frame="0" z_index="2" m_a="1.000000" m_b="0.000000" m_c="0.000000" m_d="1.000000" m_tx="-0.003342" m_ty="3.348257"/>
  </frame>
  <frame idx="50" w="222" h="357" x="-0.671738" y="-41.916992">
   <element name="balls" layername="13" frame="0" z_index="2" m_a="1.000000" m_b="0.000000" m_c="0.000000" m_d="1.000000" m_tx="-0.003342" m_ty="3.348257"/>
  </frame>
  <frame idx="75" w="222" h="357" x="-0.671738" y="-41.916992">
   <element name="balls" layername="13" frame="0" z_index="2" m_a="1.000000" m_b="0.000000" m_c="0.000000" m_d="1.000000" m_tx="-0.003342" m_ty="3.348257"/>
  </frame>
  <frame idx="100" w="222" h="357" x="-0.671738" y="-41.916992">
   <element name="balls" layername="13" frame="0" z_index="2" m_a="1.000000" m_b="0.000000" m_c="0.000000" m_d="1.000000" m_tx="-0.003342" m_ty="3.348257"/>
  </frame>
  <frame idx="125" w="222" h="357" x="-0.671738" y="-41.916992">
   <element name="balls" layername="13" frame="0" z_index="2" m_a="1.000000" m_b="0.000000" m_c="0.000000" m_d="1.000000" m_tx="-0.003342" m_ty="3.348257"/>
  </frame>
  <frame idx="150" w="222" h="357" x="-0.671738" y="-41.916992">
   <element name="balls" layername="13" frame="0" z_index="2" m_a="1.000000" m_b="0.000000" m_c="0.000000" m_d="1.000000" m_tx="-0.003342" m_ty="3.348257"/>
  </frame>
  <frame idx="175" w="222" h="357" x="-0.671738" y="-41.916992">
   <element name="balls" layername="13" frame="0" z_index="2" m_a="1.000000" m_b="0.000000" m_c="0.000000" m_d="1.000000" m_tx="-0.003342" m_ty="3.348257"/>
  </frame>
  <frame idx="200" w="222" h="357" x="-0.671738" y="-41.916992">
   <element name="balls" layername="13" frame="0" z_index="2" m_a="1.000000" m_b="0.000000" m_c="0.000000" m_d="1.000000" m_tx="-0.003342" m_ty="3.348257"/>
  </frame>
  <frame idx="225" w="222" h="357" x="-0.671738" y="-41.916992">
   <element name="balls" layername="13" frame="0" z_index="2" m_a="1.000000" m_b="0.000000" m_c="0.000000" m_d="1.000000" m_tx="-0.003342" m_ty="3.348257"/>
  </frame>
  <frame idx="250" w="222" h="357" x="-0.671738" y="-41.916992">
   <element name="balls" layername="13" frame="0" z_index="2" m_a="1.000000" m_b="0.000000" m_c="0.000000" m_d="1.000000" m_tx="-0.003342" m_ty="3.348257"/>
  </frame>
  <frame idx="275" w="222" h="357" x="-0.671738" y="-41.916992">
   <element name="balls" layername="13" frame="0" z_index="2" m_a="1.000000" m_b="0.000000" m_c="0.000000" m_d="1.000000" m_tx="-0.003342" m_ty="3.348257"/>
  </frame>
  <frame idx="300" w="222" h="357" x="-0.671738" y="-41.916992">
   <element name="balls" layername="13" frame="0" z_index="2" m_a="1.000000" m_b="0.000000" m_c="0.000000" m_d="1.000000" m_tx="-0.003342" m_ty="3.348257"/>
  </frame>
  <frame idx="325" w="222" h="357" x="-0.671738" y="-41.916992">
   <element name="balls" layername="13" frame="0" z_index="2" m_a="1.000000" m_b="0.000000" m_c="0.000000" m_d="1.000000" m_tx="-0.003342" m_ty="3.348257"/>
  </frame>
  <frame idx="350" w="222" h="357" x="-0.671738" y="-41.916992">
   <element name="balls" layername="13" frame="0" z_index="2" m_a="1.000000" m_b="0.000000" m_c="0.000000" m_d="1.000000" m_tx="-0.003342" m_ty="3.348257"/>
  </frame>
  <frame idx="375" w="222" h="357" x="-0.671738" y="-41.916992">
   <element name="balls" layername="13" frame="0" z_index="2" m_a="1.000000" m_b="0.000000" m_c="0.000000" m_d="1.000000" m_tx="-0.003342" m_ty="3.348257"/>
  </frame>
  <frame idx="400" w="222" h="357" x="-0.671738" y="-41.916992">
   <element name="balls" layername="13" frame="0" z_index="2" m_a="1.000000" m_b="0.000000" m_c="0.000000" m_d="1.000000" m_tx="-0.003342" m_ty="3.348257"/>
  </frame>
  <frame idx="425" w="222" h="357" x="-0.671738" y="-41.916992">
   <element name="balls" layername="13" frame="0" z_index="2" m_a="1.000000" m_b="0.000000" m_c="0.000000" m_d="1.000000" m_tx="-0.003342" m_ty="3.348257"/>
  </frame>
  <frame idx="450" w="222" h="357" x="-0.671738" y="-41.916992">
   <element name="balls" layername="13" frame="0" z_index="2" m_a="1.000000" m_b="0.000000" m_c="0.000000" m_d="1.000000" m_tx="-0.003342" m_ty="3.348257"/>
  </frame>
  <frame idx="475" w="222" h="357" x="-0.671738" y="-41.916992">
   <element name="balls" layername="13" frame="0" z_index="2" m_a="1.000000" m_b="0.000000" m_c="0.000000" m_d="1.000000" m_tx="-0.003342" m_ty="3.348257"/>
  </frame>
  <frame idx="500" w="222" h="357" x="-0.671738" y="-41.916992">
   <element name="balls" layername="13" frame="0" z_index="2" m_a="1.000000" m_b="0.000000" m_c="0.000000" m_d="1.000000" m_tx="-0.003342" m_ty="3.348257"/>
  </frame>
  <frame idx="525" w="222" h="357" x="-0.671738" y="-41.916992">
   <element name="balls" layername="13" frame="0" z_index="2" m_a="1.000000" m_b="0.000000" m_c="0.000000" m_d="1.000000" m_tx="-0.003342" m_ty="3.348257"/>
  </frame>
  <frame idx="550" w="222" h="357" x="-0.671738" y="-41.916992">
   <element name="balls" layername="13" frame="0" z_index="2" m_a="1.000000" m_b="0.000000" m_c="0.000000" m_d="1.000000" m_tx="-0.003342" m_ty="3.348257"/>
  </frame>
  <frame idx="575" w="222" h="357" x="-0.671738" y="-41.916992">
   <element name="balls" layername="13" frame="0" z_index="2" m_a="1.000000" m_b="0.000000" m_c="0.000000" m_d="1.000000" m_tx="-0.003342" m_ty="3.348257"/>
  </frame>
  <frame idx="600" w="222" h="357" x="-0.671738" y="-41.916992">
   <element name="balls" layername="13" frame="0" z_index="2" m_a="1.000000" m_b="0.000000" m_c="0.000000" m_d="1.000000" m_tx="-0.003342" m_ty="3.348257"/>
  </frame>
  <frame idx="625" w="222" h="357" x="-0.671738" y="-41.916992">
   <element name="balls" layername="13" frame="0" z_index="2" m_a="1.000000" m_b="0.000000" m_c="0.000000" m_d="1.000000" m_tx="-0.003342" m_ty="3.348257"/>
  </frame>
  <frame idx="650" w="222" h="357" x="-0.671738" y="-41.916992">
   <element name="balls" layername="13" frame="0" z_index="2" m_a="1.000000" m_b="0.000000" m_c="0.000000" m_d="1.000000" m_tx="-0.003342" m_ty="3.348257"/>
  </frame>
  <frame idx="675" w="222" h="357" x="-0.671738" y="-41.916992">
   <element name="balls" layername="13" frame="0" z_index="2" m_a="1.000000" m_b="0.000000" m_c="0.000000" m_d="1.000000" m_tx="-0.003342" m_ty="3.348257"/>
  </frame>
  <frame idx="700" w="222" h="357" x="-0.671738" y="-41.916992">
   <element name="balls" layername="13" frame="0" z_index="2" m_a="1.000000" m_b="0.000000" m_c="0.000000" m_d="1.000000" m_tx="-0.003342" m_ty="3.348257"/>
  </frame>
  <frame idx="725" w="222" h="357" x="-0.671738" y="-41.916992">
   <element name="balls" layername="13" frame="0" z_index="2" m_a="1.000000" m_b="0.000000" m_c="0.000000" m_d="1.000000" m_tx="-0.003342" m_ty="3.348257"/>
  </frame>
  <frame idx="750" w="222" h="357" x="-0.671738" y="-41.916992">
   <element name="balls" layername="13" frame="0" z_index="2" m_a="1.000000" m_b="0.000000" m_c="0.000000" m_d="1.000000" m_tx="-0.003342" m_ty="3.348257"/>
  </frame>
  <frame idx="775" w="222" h="357" x="-0.671738" y="-41.916992">
   <element name="balls" layername="13" frame="0" z_index="2" m_a="1.000000" m_b="0.000000" m_c="0.000000" m_d="1.000000" m_tx="-0.003342" m_ty="3.348257"/>
  </frame>
  <frame idx="800" w="222" h="357" x="-0.671738" y="-41.916992">
   <element name="balls" layername="13" frame="0" z_index="2" m_a="1.000000" m_b="0.000000" m_c="0.000000" m_d="1.000000" m_tx="-0.003342" m_ty="3.348257"/>
  </frame>
  <frame idx="825" w="222" h="357" x="-0.671738" y="-41.916992">
   <element name="balls" layername="13" frame="0" z_index="2" m_a="1.000000" m_b="0.000000" m_c="0.000000" m_d="1.000000" m_tx="-0.003342" m_ty="3.348257"/>
  </frame>
  <frame idx="850" w="222" h="357" x="-0.671738" y="-41.916992">
   <element name="balls" layername="13" frame="0" z_index="2" m_a="1.000000" m_b="0.000000" m_c="0.000000" m_d="1.000000" m_tx="-0.003342" m_ty="3.348257"/>
  </frame>
  <frame idx="875" w="222" h="357" x="-0.671738" y="-41.916992">
   <element name="balls" layername="13" frame="0" z_index="2" m_a="1.000000" m_b="0.000000" m_c="0.000000" m_d="1.000000" m_tx="-0.003342" m_ty="3.348257"/>
  </frame>
  <frame idx="900" w="222" h="357" x="-0.671738" y="-41.916992">
   <element name="balls" layername="13" frame="0" z_index="2" m_a="1.000000" m_b="0.000000" m_c="0.000000" m_d="1.000000" m_tx="-0.003342" m_ty="3.348257"/>
  </frame>
  <frame idx="925" w="222" h="357" x="-0.671738" y="-41.916992">
   <element name="balls" layername="13" frame="0" z_index="2" m_a="1.000000" m_b="0.000000" m_c="0.000000" m_d="1.000000" m_tx="-0.003342" m_ty="3.348257"/>
  </frame>
  <frame idx="950" w="222" h="357" x="-0.671738" y="-41.916992">
   <element name="balls" layername="13" frame="0" z_index="2" m_a="1.000000" m_b="0.000000" m_c="0.000000" m_d="1.000000" m_tx="-0.003342" m_ty="3.348257"/>
  </frame>
  <frame idx="975" w="222" h="357" x="-0.671738" y="-41.916992">
   <element name="balls" layername="13" frame="0" z_index="2" m_a="1.000000" m_b="0.000000" m_c="0.000000" m_d="1.000000" m_tx="-0.003342" m_ty="3.348257"/>
  </frame>
 </anim>
</Anims>
