<Anims>
 <anim name="idle" root="fx_DAF3E68890253E3C39147BA85ECBD568" numframes="1275" framerate="40">
  <frame idx="0" w="593" h="596" x="1.000000" y="-1.000000">
   <element name="fx_resource" layername="fx" frame="1" z_index="1" m_a="1.000000" m_b="0.000000" m_c="0.000000" m_d="1.000000" m_tx="-269.000000" m_ty="-271.000000"/>
  </frame>
  <frame idx="25" w="593" h="596" x="1.000000" y="-1.000000">
   <element name="fx_resource" layername="fx" frame="1" z_index="1" m_a="1.000000" m_b="0.000000" m_c="0.000000" m_d="1.000000" m_tx="-269.000000" m_ty="-271.000000"/>
  </frame>
  <frame idx="50" w="593" h="596" x="1.000000" y="-1.000000">
   <element name="fx_resource" layername="fx" frame="1" z_index="1" m_a="1.000000" m_b="0.000000" m_c="0.000000" m_d="1.000000" m_tx="-269.000000" m_ty="-271.000000"/>
  </frame>
  <frame idx="75" w="593" h="596" x="1.000000" y="-1.000000">
   <element name="fx_resource" layername="fx" frame="1" z_index="1" m_a="1.000000" m_b="0.000000" m_c="0.000000" m_d="1.000000" m_tx="-269.000000" m_ty="-271.000000"/>
  </frame>
  <frame idx="100" w="593" h="596" x="1.000000" y="-1.000000">
   <element name="fx_resource" layername="fx" frame="1" z_index="1" m_a="1.000000" m_b="0.000000" m_c="0.000000" m_d="1.000000" m_tx="-269.000000" m_ty="-271.000000"/>
  </frame>
  <frame idx="125" w="593" h="596" x="1.000000" y="-1.000000">
   <element name="fx_resource" layername="fx" frame="1" z_index="1" m_a="1.000000" m_b="0.000000" m_c="0.000000" m_d="1.000000" m_tx="-269.000000" m_ty="-271.000000"/>
  </frame>
  <frame idx="150" w="593" h="596" x="1.000000" y="-1.000000">
   <element name="fx_resource" layername="fx" frame="1" z_index="1" m_a="1.000000" m_b="0.000000" m_c="0.000000" m_d="1.000000" m_tx="-269.000000" m_ty="-271.000000"/>
  </frame>
  <frame idx="175" w="593" h="596" x="1.000000" y="-1.000000">
   <element name="fx_resource" layername="fx" frame="2" z_index="1" m_a="1.000000" m_b="0.000000" m_c="0.000000" m_d="1.000000" m_tx="-269.000000" m_ty="-271.000000"/>
  </frame>
  <frame idx="200" w="593" h="596" x="1.000000" y="-1.000000">
   <element name="fx_resource" layername="fx" frame="2" z_index="1" m_a="1.000000" m_b="0.000000" m_c="0.000000" m_d="1.000000" m_tx="-269.000000" m_ty="-271.000000"/>
  </frame>
  <frame idx="225" w="593" h="596" x="1.000000" y="-1.000000">
   <element name="fx_resource" layername="fx" frame="2" z_index="1" m_a="1.000000" m_b="0.000000" m_c="0.000000" m_d="1.000000" m_tx="-269.000000" m_ty="-271.000000"/>
  </frame>
  <frame idx="250" w="593" h="596" x="1.000000" y="-1.000000">
   <element name="fx_resource" layername="fx" frame="2" z_index="1" m_a="1.000000" m_b="0.000000" m_c="0.000000" m_d="1.000000" m_tx="-269.000000" m_ty="-271.000000"/>
  </frame>
  <frame idx="275" w="593" h="596" x="1.000000" y="-1.000000">
   <element name="fx_resource" layername="fx" frame="2" z_index="1" m_a="1.000000" m_b="0.000000" m_c="0.000000" m_d="1.000000" m_tx="-269.000000" m_ty="-271.000000"/>
  </frame>
  <frame idx="300" w="593" h="596" x="1.000000" y="-1.000000">
   <element name="fx_resource" layername="fx" frame="2" z_index="1" m_a="1.000000" m_b="0.000000" m_c="0.000000" m_d="1.000000" m_tx="-269.000000" m_ty="-271.000000"/>
  </frame>
  <frame idx="325" w="593" h="596" x="1.000000" y="-1.000000">
   <element name="fx_resource" layername="fx" frame="3" z_index="1" m_a="1.000000" m_b="0.000000" m_c="0.000000" m_d="1.000000" m_tx="-269.000000" m_ty="-271.000000"/>
  </frame>
  <frame idx="350" w="593" h="596" x="1.000000" y="-1.000000">
   <element name="fx_resource" layername="fx" frame="3" z_index="1" m_a="1.000000" m_b="0.000000" m_c="0.000000" m_d="1.000000" m_tx="-269.000000" m_ty="-271.000000"/>
  </frame>
  <frame idx="375" w="593" h="596" x="1.000000" y="-1.000000">
   <element name="fx_resource" layername="fx" frame="3" z_index="1" m_a="1.000000" m_b="0.000000" m_c="0.000000" m_d="1.000000" m_tx="-269.000000" m_ty="-271.000000"/>
  </frame>
  <frame idx="400" w="593" h="596" x="1.000000" y="-1.000000">
   <element name="fx_resource" layername="fx" frame="3" z_index="1" m_a="1.000000" m_b="0.000000" m_c="0.000000" m_d="1.000000" m_tx="-269.000000" m_ty="-271.000000"/>
  </frame>
  <frame idx="425" w="593" h="596" x="1.000000" y="-1.000000">
   <element name="fx_resource" layername="fx" frame="3" z_index="1" m_a="1.000000" m_b="0.000000" m_c="0.000000" m_d="1.000000" m_tx="-269.000000" m_ty="-271.000000"/>
  </frame>
  <frame idx="450" w="593" h="596" x="1.000000" y="-1.000000">
   <element name="fx_resource" layername="fx" frame="3" z_index="1" m_a="1.000000" m_b="0.000000" m_c="0.000000" m_d="1.000000" m_tx="-269.000000" m_ty="-271.000000"/>
  </frame>
  <frame idx="475" w="593" h="596" x="1.000000" y="-1.000000">
   <element name="fx_resource" layername="fx" frame="3" z_index="1" m_a="1.000000" m_b="0.000000" m_c="0.000000" m_d="1.000000" m_tx="-269.000000" m_ty="-271.000000"/>
  </frame>
  <frame idx="500" w="593" h="596" x="1.000000" y="-1.000000">
   <element name="fx_resource" layername="fx" frame="4" z_index="1" m_a="1.000000" m_b="0.000000" m_c="0.000000" m_d="1.000000" m_tx="-269.000000" m_ty="-271.000000"/>
  </frame>
  <frame idx="525" w="593" h="596" x="1.000000" y="-1.000000">
   <element name="fx_resource" layername="fx" frame="4" z_index="1" m_a="1.000000" m_b="0.000000" m_c="0.000000" m_d="1.000000" m_tx="-269.000000" m_ty="-271.000000"/>
  </frame>
  <frame idx="550" w="593" h="596" x="1.000000" y="-1.000000">
   <element name="fx_resource" layername="fx" frame="4" z_index="1" m_a="1.000000" m_b="0.000000" m_c="0.000000" m_d="1.000000" m_tx="-269.000000" m_ty="-271.000000"/>
  </frame>
  <frame idx="575" w="593" h="596" x="1.000000" y="-1.000000">
   <element name="fx_resource" layername="fx" frame="4" z_index="1" m_a="1.000000" m_b="0.000000" m_c="0.000000" m_d="1.000000" m_tx="-269.000000" m_ty="-271.000000"/>
  </frame>
  <frame idx="600" w="593" h="596" x="1.000000" y="-1.000000">
   <element name="fx_resource" layername="fx" frame="4" z_index="1" m_a="1.000000" m_b="0.000000" m_c="0.000000" m_d="1.000000" m_tx="-269.000000" m_ty="-271.000000"/>
  </frame>
  <frame idx="625" w="593" h="596" x="1.000000" y="-1.000000">
   <element name="fx_resource" layername="fx" frame="4" z_index="1" m_a="1.000000" m_b="0.000000" m_c="0.000000" m_d="1.000000" m_tx="-269.000000" m_ty="-271.000000"/>
  </frame>
  <frame idx="650" w="593" h="596" x="1.000000" y="-1.000000">
   <element name="fx_resource" layername="fx" frame="4" z_index="1" m_a="1.000000" m_b="0.000000" m_c="0.000000" m_d="1.000000" m_tx="-269.000000" m_ty="-271.000000"/>
  </frame>
  <frame idx="675" w="593" h="596" x="1.000000" y="-1.000000">
   <element name="fx_resource" layername="fx" frame="4" z_index="1" m_a="1.000000" m_b="0.000000" m_c="0.000000" m_d="1.000000" m_tx="-269.000000" m_ty="-271.000000"/>
  </frame>
  <frame idx="700" w="593" h="596" x="1.000000" y="-1.000000">
   <element name="fx_resource" layername="fx" frame="5" z_index="1" m_a="1.000000" m_b="0.000000" m_c="0.000000" m_d="1.000000" m_tx="-269.000000" m_ty="-271.000000"/>
  </frame>
  <frame idx="725" w="593" h="596" x="1.000000" y="-1.000000">
   <element name="fx_resource" layername="fx" frame="5" z_index="1" m_a="1.000000" m_b="0.000000" m_c="0.000000" m_d="1.000000" m_tx="-269.000000" m_ty="-271.000000"/>
  </frame>
  <frame idx="750" w="593" h="596" x="1.000000" y="-1.000000">
   <element name="fx_resource" layername="fx" frame="5" z_index="1" m_a="1.000000" m_b="0.000000" m_c="0.000000" m_d="1.000000" m_tx="-269.000000" m_ty="-271.000000"/>
  </frame>
  <frame idx="775" w="593" h="596" x="1.000000" y="-1.000000">
   <element name="fx_resource" layername="fx" frame="5" z_index="1" m_a="1.000000" m_b="0.000000" m_c="0.000000" m_d="1.000000" m_tx="-269.000000" m_ty="-271.000000"/>
  </frame>
  <frame idx="800" w="593" h="596" x="1.000000" y="-1.000000">
   <element name="fx_resource" layername="fx" frame="5" z_index="1" m_a="1.000000" m_b="0.000000" m_c="0.000000" m_d="1.000000" m_tx="-269.000000" m_ty="-271.000000"/>
  </frame>
  <frame idx="825" w="593" h="596" x="1.000000" y="-1.000000">
   <element name="fx_resource" layername="fx" frame="5" z_index="1" m_a="1.000000" m_b="0.000000" m_c="0.000000" m_d="1.000000" m_tx="-269.000000" m_ty="-271.000000"/>
  </frame>
  <frame idx="850" w="593" h="596" x="1.000000" y="-1.000000">
   <element name="fx_resource" layername="fx" frame="6" z_index="1" m_a="1.000000" m_b="0.000000" m_c="0.000000" m_d="1.000000" m_tx="-269.000000" m_ty="-271.000000"/>
  </frame>
  <frame idx="875" w="593" h="596" x="1.000000" y="-1.000000">
   <element name="fx_resource" layername="fx" frame="6" z_index="1" m_a="1.000000" m_b="0.000000" m_c="0.000000" m_d="1.000000" m_tx="-269.000000" m_ty="-271.000000"/>
  </frame>
  <frame idx="900" w="593" h="596" x="1.000000" y="-1.000000">
   <element name="fx_resource" layername="fx" frame="6" z_index="1" m_a="1.000000" m_b="0.000000" m_c="0.000000" m_d="1.000000" m_tx="-269.000000" m_ty="-271.000000"/>
  </frame>
  <frame idx="925" w="593" h="596" x="1.000000" y="-1.000000">
   <element name="fx_resource" layername="fx" frame="6" z_index="1" m_a="1.000000" m_b="0.000000" m_c="0.000000" m_d="1.000000" m_tx="-269.000000" m_ty="-271.000000"/>
  </frame>
  <frame idx="950" w="593" h="596" x="1.000000" y="-1.000000">
   <element name="fx_resource" layername="fx" frame="6" z_index="1" m_a="1.000000" m_b="0.000000" m_c="0.000000" m_d="1.000000" m_tx="-269.000000" m_ty="-271.000000"/>
  </frame>
  <frame idx="975" w="593" h="596" x="1.000000" y="-1.000000">
   <element name="fx_resource" layername="fx" frame="6" z_index="1" m_a="1.000000" m_b="0.000000" m_c="0.000000" m_d="1.000000" m_tx="-269.000000" m_ty="-271.000000"/>
  </frame>
  <frame idx="1000" w="593" h="596" x="1.000000" y="-1.000000">
   <element name="fx_resource" layername="fx" frame="6" z_index="1" m_a="1.000000" m_b="0.000000" m_c="0.000000" m_d="1.000000" m_tx="-269.000000" m_ty="-271.000000"/>
  </frame>
  <frame idx="1025" w="593" h="596" x="1.000000" y="-1.000000">
   <element name="fx_resource" layername="fx" frame="6" z_index="1" m_a="1.000000" m_b="0.000000" m_c="0.000000" m_d="1.000000" m_tx="-269.000000" m_ty="-271.000000"/>
  </frame>
  <frame idx="1050" w="593" h="596" x="1.000000" y="-1.000000">
   <element name="fx_resource" layername="fx" frame="7" z_index="1" m_a="1.000000" m_b="0.000000" m_c="0.000000" m_d="1.000000" m_tx="-269.000000" m_ty="-271.000000"/>
  </frame>
  <frame idx="1075" w="593" h="596" x="1.000000" y="-1.000000">
   <element name="fx_resource" layername="fx" frame="7" z_index="1" m_a="1.000000" m_b="0.000000" m_c="0.000000" m_d="1.000000" m_tx="-269.000000" m_ty="-271.000000"/>
  </frame>
  <frame idx="1100" w="593" h="596" x="1.000000" y="-1.000000">
   <element name="fx_resource" layername="fx" frame="7" z_index="1" m_a="1.000000" m_b="0.000000" m_c="0.000000" m_d="1.000000" m_tx="-269.000000" m_ty="-271.000000"/>
  </frame>
  <frame idx="1125" w="593" h="596" x="1.000000" y="-1.000000">
   <element name="fx_resource" layername="fx" frame="7" z_index="1" m_a="1.000000" m_b="0.000000" m_c="0.000000" m_d="1.000000" m_tx="-269.000000" m_ty="-271.000000"/>
  </frame>
  <frame idx="1150" w="593" h="596" x="1.000000" y="-1.000000">
   <element name="fx_resource" layername="fx" frame="7" z_index="1" m_a="1.000000" m_b="0.000000" m_c="0.000000" m_d="1.000000" m_tx="-269.000000" m_ty="-271.000000"/>
  </frame>
  <frame idx="1175" w="593" h="596" x="1.000000" y="-1.000000">
   <element name="fx_resource" layername="fx" frame="8" z_index="1" m_a="1.000000" m_b="0.000000" m_c="0.000000" m_d="1.000000" m_tx="-269.000000" m_ty="-271.000000"/>
  </frame>
  <frame idx="1200" w="593" h="596" x="1.000000" y="-1.000000">
   <element name="fx_resource" layername="fx" frame="8" z_index="1" m_a="1.000000" m_b="0.000000" m_c="0.000000" m_d="1.000000" m_tx="-269.000000" m_ty="-271.000000"/>
  </frame>
  <frame idx="1225" w="593" h="596" x="1.000000" y="-1.000000">
   <element name="fx_resource" layername="fx" frame="8" z_index="1" m_a="1.000000" m_b="0.000000" m_c="0.000000" m_d="1.000000" m_tx="-269.000000" m_ty="-271.000000"/>
  </frame>
  <frame idx="1250" w="593" h="596" x="1.000000" y="-1.000000">
   <element name="fx_resource" layername="fx" frame="8" z_index="1" m_a="1.000000" m_b="0.000000" m_c="0.000000" m_d="1.000000" m_tx="-269.000000" m_ty="-271.000000"/>
  </frame>
 </anim>
</Anims>
