<Anims>
 <anim name="anim" root="shield" numframes="525" framerate="40">
  <frame idx="0" w="563" h="564" x="1.000000" y="0.000000">
   <element name="zhengchang" layername="iceshiel" frame="2" z_index="1" m_a="1.000000" m_b="0.000000" m_c="0.000000" m_d="1.000000" m_tx="-255.000000" m_ty="-256.000000"/>
  </frame>
  <frame idx="25" w="563" h="564" x="1.000000" y="0.000000">
   <element name="zhengchang" layername="iceshiel" frame="2" z_index="1" m_a="1.000000" m_b="0.000000" m_c="0.000000" m_d="1.000000" m_tx="-255.000000" m_ty="-256.000000"/>
  </frame>
  <frame idx="50" w="563" h="564" x="1.000000" y="0.000000">
   <element name="zhengchang" layername="iceshiel" frame="2" z_index="1" m_a="1.000000" m_b="0.000000" m_c="0.000000" m_d="1.000000" m_tx="-255.000000" m_ty="-256.000000"/>
  </frame>
  <frame idx="75" w="563" h="564" x="1.000000" y="0.000000">
   <element name="zhengchang" layername="iceshiel" frame="2" z_index="1" m_a="1.000000" m_b="0.000000" m_c="0.000000" m_d="1.000000" m_tx="-255.000000" m_ty="-256.000000"/>
  </frame>
  <frame idx="100" w="563" h="564" x="1.000000" y="0.000000">
   <element name="zhengchang" layername="iceshiel" frame="6" z_index="1" m_a="1.000000" m_b="0.000000" m_c="0.000000" m_d="1.000000" m_tx="-255.000000" m_ty="-256.000000"/>
  </frame>
  <frame idx="125" w="563" h="564" x="1.000000" y="0.000000">
   <element name="zhengchang" layername="iceshiel" frame="6" z_index="1" m_a="1.000000" m_b="0.000000" m_c="0.000000" m_d="1.000000" m_tx="-255.000000" m_ty="-256.000000"/>
  </frame>
  <frame idx="150" w="563" h="564" x="1.000000" y="0.000000">
   <element name="zhengchang" layername="iceshiel" frame="6" z_index="1" m_a="1.000000" m_b="0.000000" m_c="0.000000" m_d="1.000000" m_tx="-255.000000" m_ty="-256.000000"/>
  </frame>
  <frame idx="175" w="563" h="564" x="1.000000" y="0.000000">
   <element name="zhengchang" layername="iceshiel" frame="6" z_index="1" m_a="1.000000" m_b="0.000000" m_c="0.000000" m_d="1.000000" m_tx="-255.000000" m_ty="-256.000000"/>
  </frame>
  <frame idx="200" w="563" h="564" x="1.000000" y="0.000000">
   <element name="zhengchang" layername="iceshiel" frame="7" z_index="1" m_a="1.000000" m_b="0.000000" m_c="0.000000" m_d="1.000000" m_tx="-255.000000" m_ty="-256.000000"/>
  </frame>
  <frame idx="225" w="563" h="564" x="1.000000" y="0.000000">
   <element name="zhengchang" layername="iceshiel" frame="7" z_index="1" m_a="1.000000" m_b="0.000000" m_c="0.000000" m_d="1.000000" m_tx="-255.000000" m_ty="-256.000000"/>
  </frame>
  <frame idx="250" w="563" h="564" x="1.000000" y="0.000000">
   <element name="zhengchang" layername="iceshiel" frame="7" z_index="1" m_a="1.000000" m_b="0.000000" m_c="0.000000" m_d="1.000000" m_tx="-255.000000" m_ty="-256.000000"/>
  </frame>
  <frame idx="275" w="563" h="564" x="1.000000" y="0.000000">
   <element name="zhengchang" layername="iceshiel" frame="7" z_index="1" m_a="1.000000" m_b="0.000000" m_c="0.000000" m_d="1.000000" m_tx="-255.000000" m_ty="-256.000000"/>
  </frame>
  <frame idx="300" w="563" h="564" x="1.000000" y="0.000000">
   <element name="zhengchang" layername="iceshiel" frame="9" z_index="1" m_a="1.000000" m_b="0.000000" m_c="0.000000" m_d="1.000000" m_tx="-255.000000" m_ty="-256.000000"/>
  </frame>
  <frame idx="325" w="563" h="564" x="1.000000" y="0.000000">
   <element name="zhengchang" layername="iceshiel" frame="9" z_index="1" m_a="1.000000" m_b="0.000000" m_c="0.000000" m_d="1.000000" m_tx="-255.000000" m_ty="-256.000000"/>
  </frame>
  <frame idx="350" w="563" h="564" x="1.000000" y="0.000000">
   <element name="zhengchang" layername="iceshiel" frame="9" z_index="1" m_a="1.000000" m_b="0.000000" m_c="0.000000" m_d="1.000000" m_tx="-255.000000" m_ty="-256.000000"/>
  </frame>
  <frame idx="375" w="563" h="564" x="1.000000" y="0.000000">
   <element name="zhengchang" layername="iceshiel" frame="9" z_index="1" m_a="1.000000" m_b="0.000000" m_c="0.000000" m_d="1.000000" m_tx="-255.000000" m_ty="-256.000000"/>
  </frame>
  <frame idx="400" w="563" h="564" x="1.000000" y="0.000000">
   <element name="zhengchang" layername="iceshiel" frame="5" z_index="1" m_a="1.000000" m_b="0.000000" m_c="0.000000" m_d="1.000000" m_tx="-255.000000" m_ty="-256.000000"/>
  </frame>
  <frame idx="425" w="563" h="564" x="1.000000" y="0.000000">
   <element name="zhengchang" layername="iceshiel" frame="5" z_index="1" m_a="1.000000" m_b="0.000000" m_c="0.000000" m_d="1.000000" m_tx="-255.000000" m_ty="-256.000000"/>
  </frame>
  <frame idx="450" w="563" h="564" x="1.000000" y="0.000000">
   <element name="zhengchang" layername="iceshiel" frame="2" z_index="1" m_a="1.000000" m_b="0.000000" m_c="0.000000" m_d="1.000000" m_tx="-255.000000" m_ty="-256.000000"/>
  </frame>
  <frame idx="475" w="563" h="564" x="1.000000" y="0.000000">
   <element name="zhengchang" layername="iceshiel" frame="2" z_index="1" m_a="1.000000" m_b="0.000000" m_c="0.000000" m_d="1.000000" m_tx="-255.000000" m_ty="-256.000000"/>
  </frame>
  <frame idx="500" w="563" h="564" x="1.000000" y="0.000000">
   <element name="zhengchang" layername="iceshiel" frame="2" z_index="1" m_a="1.000000" m_b="0.000000" m_c="0.000000" m_d="1.000000" m_tx="-255.000000" m_ty="-256.000000"/>
  </frame>
 </anim>
</Anims>
