<Anims>
 <anim name="idle" root="mikasa" numframes="1000" framerate="40">
  <frame idx="0" w="249" h="370" x="31.399048" y="-85.314201">
   <element name="balls" layername="mm" frame="1" z_index="3" m_a="1.285546" m_b="0.000000" m_c="0.000000" m_d="1.250633" m_tx="2.714057" m_ty="-107.280899"/>
  </frame>
  <frame idx="25" w="249" h="370" x="31.399048" y="-85.314201">
   <element name="balls" layername="mm" frame="1" z_index="3" m_a="1.285546" m_b="0.000000" m_c="0.000000" m_d="1.250633" m_tx="2.714057" m_ty="-107.280899"/>
  </frame>
  <frame idx="50" w="249" h="370" x="31.399048" y="-85.314201">
   <element name="balls" layername="mm" frame="1" z_index="3" m_a="1.285546" m_b="0.000000" m_c="0.000000" m_d="1.250633" m_tx="2.714057" m_ty="-107.280899"/>
  </frame>
  <frame idx="75" w="249" h="370" x="31.399048" y="-85.314201">
   <element name="balls" layername="mm" frame="1" z_index="3" m_a="1.285546" m_b="0.000000" m_c="0.000000" m_d="1.250633" m_tx="2.714057" m_ty="-107.280899"/>
  </frame>
  <frame idx="100" w="249" h="370" x="31.399048" y="-85.314201">
   <element name="balls" layername="mm" frame="1" z_index="3" m_a="1.285546" m_b="0.000000" m_c="0.000000" m_d="1.250633" m_tx="2.714057" m_ty="-107.280899"/>
  </frame>
  <frame idx="125" w="249" h="370" x="31.399048" y="-85.314201">
   <element name="balls" layername="mm" frame="1" z_index="3" m_a="1.285546" m_b="0.000000" m_c="0.000000" m_d="1.250633" m_tx="2.714057" m_ty="-107.280899"/>
  </frame>
  <frame idx="150" w="249" h="370" x="31.399048" y="-85.314201">
   <element name="balls" layername="mm" frame="1" z_index="3" m_a="1.285546" m_b="0.000000" m_c="0.000000" m_d="1.250633" m_tx="2.714057" m_ty="-107.280899"/>
  </frame>
  <frame idx="175" w="249" h="370" x="31.399048" y="-85.314201">
   <element name="balls" layername="mm" frame="1" z_index="3" m_a="1.285546" m_b="0.000000" m_c="0.000000" m_d="1.250633" m_tx="2.714057" m_ty="-107.280899"/>
  </frame>
  <frame idx="200" w="249" h="370" x="31.399048" y="-85.314201">
   <element name="balls" layername="mm" frame="1" z_index="3" m_a="1.285546" m_b="0.000000" m_c="0.000000" m_d="1.250633" m_tx="2.714057" m_ty="-107.280899"/>
  </frame>
  <frame idx="225" w="249" h="370" x="31.399048" y="-85.314201">
   <element name="balls" layername="mm" frame="1" z_index="3" m_a="1.285546" m_b="0.000000" m_c="0.000000" m_d="1.250633" m_tx="2.714057" m_ty="-107.280899"/>
  </frame>
  <frame idx="250" w="249" h="370" x="31.399048" y="-85.314201">
   <element name="balls" layername="mm" frame="1" z_index="3" m_a="1.285546" m_b="0.000000" m_c="0.000000" m_d="1.250633" m_tx="2.714057" m_ty="-107.280899"/>
  </frame>
  <frame idx="275" w="249" h="370" x="31.399048" y="-85.314201">
   <element name="balls" layername="mm" frame="1" z_index="3" m_a="1.285546" m_b="0.000000" m_c="0.000000" m_d="1.250633" m_tx="2.714057" m_ty="-107.280899"/>
  </frame>
  <frame idx="300" w="249" h="370" x="31.399048" y="-85.314201">
   <element name="balls" layername="mm" frame="1" z_index="3" m_a="1.285546" m_b="0.000000" m_c="0.000000" m_d="1.250633" m_tx="2.714057" m_ty="-107.280899"/>
  </frame>
  <frame idx="325" w="249" h="370" x="31.399048" y="-85.314201">
   <element name="balls" layername="mm" frame="1" z_index="3" m_a="1.285546" m_b="0.000000" m_c="0.000000" m_d="1.250633" m_tx="2.714057" m_ty="-107.280899"/>
  </frame>
  <frame idx="350" w="249" h="370" x="31.399048" y="-85.314201">
   <element name="balls" layername="mm" frame="1" z_index="3" m_a="1.285546" m_b="0.000000" m_c="0.000000" m_d="1.250633" m_tx="2.714057" m_ty="-107.280899"/>
  </frame>
  <frame idx="375" w="249" h="370" x="31.399048" y="-85.314201">
   <element name="balls" layername="mm" frame="1" z_index="3" m_a="1.285546" m_b="0.000000" m_c="0.000000" m_d="1.250633" m_tx="2.714057" m_ty="-107.280899"/>
  </frame>
  <frame idx="400" w="249" h="370" x="31.399048" y="-85.314201">
   <element name="balls" layername="mm" frame="1" z_index="3" m_a="1.285546" m_b="0.000000" m_c="0.000000" m_d="1.250633" m_tx="2.714057" m_ty="-107.280899"/>
  </frame>
  <frame idx="425" w="249" h="370" x="31.399048" y="-85.314201">
   <element name="balls" layername="mm" frame="1" z_index="3" m_a="1.285546" m_b="0.000000" m_c="0.000000" m_d="1.250633" m_tx="2.714057" m_ty="-107.280899"/>
  </frame>
  <frame idx="450" w="249" h="370" x="31.399048" y="-85.314201">
   <element name="balls" layername="mm" frame="1" z_index="3" m_a="1.285546" m_b="0.000000" m_c="0.000000" m_d="1.250633" m_tx="2.714057" m_ty="-107.280899"/>
  </frame>
  <frame idx="475" w="249" h="370" x="31.399048" y="-85.314201">
   <element name="balls" layername="mm" frame="1" z_index="3" m_a="1.285546" m_b="0.000000" m_c="0.000000" m_d="1.250633" m_tx="2.714057" m_ty="-107.280899"/>
  </frame>
  <frame idx="500" w="249" h="370" x="31.399048" y="-85.314201">
   <element name="balls" layername="mm" frame="1" z_index="3" m_a="1.285546" m_b="0.000000" m_c="0.000000" m_d="1.250633" m_tx="2.714057" m_ty="-107.280899"/>
  </frame>
  <frame idx="525" w="249" h="370" x="31.399048" y="-85.314201">
   <element name="balls" layername="mm" frame="1" z_index="3" m_a="1.285546" m_b="0.000000" m_c="0.000000" m_d="1.250633" m_tx="2.714057" m_ty="-107.280899"/>
  </frame>
  <frame idx="550" w="249" h="370" x="31.399048" y="-85.314201">
   <element name="balls" layername="mm" frame="1" z_index="3" m_a="1.285546" m_b="0.000000" m_c="0.000000" m_d="1.250633" m_tx="2.714057" m_ty="-107.280899"/>
  </frame>
  <frame idx="575" w="249" h="370" x="31.399048" y="-85.314201">
   <element name="balls" layername="mm" frame="1" z_index="3" m_a="1.285546" m_b="0.000000" m_c="0.000000" m_d="1.250633" m_tx="2.714057" m_ty="-107.280899"/>
  </frame>
  <frame idx="600" w="249" h="370" x="31.399048" y="-85.314201">
   <element name="balls" layername="mm" frame="1" z_index="3" m_a="1.285546" m_b="0.000000" m_c="0.000000" m_d="1.250633" m_tx="2.714057" m_ty="-107.280899"/>
  </frame>
  <frame idx="625" w="249" h="370" x="31.399048" y="-85.314201">
   <element name="balls" layername="mm" frame="1" z_index="3" m_a="1.285546" m_b="0.000000" m_c="0.000000" m_d="1.250633" m_tx="2.714057" m_ty="-107.280899"/>
  </frame>
  <frame idx="650" w="249" h="370" x="31.399048" y="-85.314201">
   <element name="balls" layername="mm" frame="1" z_index="3" m_a="1.285546" m_b="0.000000" m_c="0.000000" m_d="1.250633" m_tx="2.714057" m_ty="-107.280899"/>
  </frame>
  <frame idx="675" w="249" h="370" x="31.399048" y="-85.314201">
   <element name="balls" layername="mm" frame="1" z_index="3" m_a="1.285546" m_b="0.000000" m_c="0.000000" m_d="1.250633" m_tx="2.714057" m_ty="-107.280899"/>
  </frame>
  <frame idx="700" w="249" h="370" x="31.399048" y="-85.314201">
   <element name="balls" layername="mm" frame="1" z_index="3" m_a="1.285546" m_b="0.000000" m_c="0.000000" m_d="1.250633" m_tx="2.714057" m_ty="-107.280899"/>
  </frame>
  <frame idx="725" w="249" h="370" x="31.399048" y="-85.314201">
   <element name="balls" layername="mm" frame="1" z_index="3" m_a="1.285546" m_b="0.000000" m_c="0.000000" m_d="1.250633" m_tx="2.714057" m_ty="-107.280899"/>
  </frame>
  <frame idx="750" w="249" h="370" x="31.399048" y="-85.314201">
   <element name="balls" layername="mm" frame="1" z_index="3" m_a="1.285546" m_b="0.000000" m_c="0.000000" m_d="1.250633" m_tx="2.714057" m_ty="-107.280899"/>
  </frame>
  <frame idx="775" w="249" h="370" x="31.399048" y="-85.314201">
   <element name="balls" layername="mm" frame="1" z_index="3" m_a="1.285546" m_b="0.000000" m_c="0.000000" m_d="1.250633" m_tx="2.714057" m_ty="-107.280899"/>
  </frame>
  <frame idx="800" w="249" h="370" x="31.399048" y="-85.314201">
   <element name="balls" layername="mm" frame="1" z_index="3" m_a="1.285546" m_b="0.000000" m_c="0.000000" m_d="1.250633" m_tx="2.714057" m_ty="-107.280899"/>
  </frame>
  <frame idx="825" w="249" h="370" x="31.399048" y="-85.314201">
   <element name="balls" layername="mm" frame="1" z_index="3" m_a="1.285546" m_b="0.000000" m_c="0.000000" m_d="1.250633" m_tx="2.714057" m_ty="-107.280899"/>
  </frame>
  <frame idx="850" w="249" h="370" x="31.399048" y="-85.314201">
   <element name="balls" layername="mm" frame="1" z_index="3" m_a="1.285546" m_b="0.000000" m_c="0.000000" m_d="1.250633" m_tx="2.714057" m_ty="-107.280899"/>
  </frame>
  <frame idx="875" w="249" h="370" x="31.399048" y="-85.314201">
   <element name="balls" layername="mm" frame="1" z_index="3" m_a="1.285546" m_b="0.000000" m_c="0.000000" m_d="1.250633" m_tx="2.714057" m_ty="-107.280899"/>
  </frame>
  <frame idx="900" w="249" h="370" x="31.399048" y="-85.314201">
   <element name="balls" layername="mm" frame="1" z_index="3" m_a="1.285546" m_b="0.000000" m_c="0.000000" m_d="1.250633" m_tx="2.714057" m_ty="-107.280899"/>
  </frame>
  <frame idx="925" w="249" h="370" x="31.399048" y="-85.314201">
   <element name="balls" layername="mm" frame="1" z_index="3" m_a="1.285546" m_b="0.000000" m_c="0.000000" m_d="1.250633" m_tx="2.714057" m_ty="-107.280899"/>
  </frame>
  <frame idx="950" w="249" h="370" x="31.399048" y="-85.314201">
   <element name="balls" layername="mm" frame="1" z_index="3" m_a="1.285546" m_b="0.000000" m_c="0.000000" m_d="1.250633" m_tx="2.714057" m_ty="-107.280899"/>
  </frame>
  <frame idx="975" w="249" h="370" x="31.399048" y="-85.314201">
   <element name="balls" layername="mm" frame="1" z_index="3" m_a="1.285546" m_b="0.000000" m_c="0.000000" m_d="1.250633" m_tx="2.714057" m_ty="-107.280899"/>
  </frame>
 </anim>
 <anim name="atk" root="mikasa" numframes="1000" framerate="40">
  <frame idx="0" w="209" h="225" x="10.547058" y="-3.096596">
   <element name="balls" layername="mm" frame="1" z_index="3" m_a="1.000000" m_b="0.000000" m_c="0.000000" m_d="1.000000" m_tx="10.416667" m_ty="0.000000"/>
  </frame>
  <frame idx="25" w="209" h="225" x="10.547058" y="-3.096596">
   <element name="balls" layername="mm" frame="1" z_index="3" m_a="1.000000" m_b="0.000000" m_c="0.000000" m_d="1.000000" m_tx="10.416667" m_ty="0.000000"/>
  </frame>
  <frame idx="50" w="209" h="225" x="10.547058" y="-3.096596">
   <element name="balls" layername="mm" frame="1" z_index="3" m_a="1.000000" m_b="0.000000" m_c="0.000000" m_d="1.000000" m_tx="10.416667" m_ty="0.000000"/>
  </frame>
  <frame idx="75" w="209" h="225" x="10.547058" y="-3.096596">
   <element name="balls" layername="mm" frame="1" z_index="3" m_a="1.000000" m_b="0.000000" m_c="0.000000" m_d="1.000000" m_tx="10.416667" m_ty="0.000000"/>
  </frame>
  <frame idx="100" w="209" h="225" x="10.547058" y="-3.096596">
   <element name="balls" layername="mm" frame="1" z_index="3" m_a="1.000000" m_b="0.000000" m_c="0.000000" m_d="1.000000" m_tx="10.416667" m_ty="0.000000"/>
  </frame>
  <frame idx="125" w="209" h="225" x="10.547058" y="-3.096596">
   <element name="balls" layername="mm" frame="1" z_index="3" m_a="1.000000" m_b="0.000000" m_c="0.000000" m_d="1.000000" m_tx="10.416667" m_ty="0.000000"/>
  </frame>
  <frame idx="150" w="209" h="225" x="10.547058" y="-3.096596">
   <element name="balls" layername="mm" frame="1" z_index="3" m_a="1.000000" m_b="0.000000" m_c="0.000000" m_d="1.000000" m_tx="10.416667" m_ty="0.000000"/>
  </frame>
  <frame idx="175" w="209" h="225" x="10.547058" y="-3.096596">
   <element name="balls" layername="mm" frame="1" z_index="3" m_a="1.000000" m_b="0.000000" m_c="0.000000" m_d="1.000000" m_tx="10.416667" m_ty="0.000000"/>
  </frame>
  <frame idx="200" w="209" h="225" x="10.547058" y="-3.096596">
   <element name="balls" layername="mm" frame="1" z_index="3" m_a="1.000000" m_b="0.000000" m_c="0.000000" m_d="1.000000" m_tx="10.416667" m_ty="0.000000"/>
  </frame>
  <frame idx="225" w="209" h="225" x="10.547058" y="-3.096596">
   <element name="balls" layername="mm" frame="1" z_index="3" m_a="1.000000" m_b="0.000000" m_c="0.000000" m_d="1.000000" m_tx="10.416667" m_ty="0.000000"/>
  </frame>
  <frame idx="250" w="209" h="225" x="10.547058" y="-3.096596">
   <element name="balls" layername="mm" frame="1" z_index="3" m_a="1.000000" m_b="0.000000" m_c="0.000000" m_d="1.000000" m_tx="10.416667" m_ty="0.000000"/>
  </frame>
  <frame idx="275" w="209" h="225" x="10.547058" y="-3.096596">
   <element name="balls" layername="mm" frame="1" z_index="3" m_a="1.000000" m_b="0.000000" m_c="0.000000" m_d="1.000000" m_tx="10.416667" m_ty="0.000000"/>
  </frame>
  <frame idx="300" w="209" h="225" x="10.547058" y="-3.096596">
   <element name="balls" layername="mm" frame="1" z_index="3" m_a="1.000000" m_b="0.000000" m_c="0.000000" m_d="1.000000" m_tx="10.416667" m_ty="0.000000"/>
  </frame>
  <frame idx="325" w="209" h="225" x="10.547058" y="-3.096596">
   <element name="balls" layername="mm" frame="1" z_index="3" m_a="1.000000" m_b="0.000000" m_c="0.000000" m_d="1.000000" m_tx="10.416667" m_ty="0.000000"/>
  </frame>
  <frame idx="350" w="209" h="225" x="10.547058" y="-3.096596">
   <element name="balls" layername="mm" frame="1" z_index="3" m_a="1.000000" m_b="0.000000" m_c="0.000000" m_d="1.000000" m_tx="10.416667" m_ty="0.000000"/>
  </frame>
  <frame idx="375" w="209" h="225" x="10.547058" y="-3.096596">
   <element name="balls" layername="mm" frame="1" z_index="3" m_a="1.000000" m_b="0.000000" m_c="0.000000" m_d="1.000000" m_tx="10.416667" m_ty="0.000000"/>
  </frame>
  <frame idx="400" w="209" h="225" x="10.547058" y="-3.096596">
   <element name="balls" layername="mm" frame="1" z_index="3" m_a="1.000000" m_b="0.000000" m_c="0.000000" m_d="1.000000" m_tx="10.416667" m_ty="0.000000"/>
  </frame>
  <frame idx="425" w="209" h="225" x="10.547058" y="-3.096596">
   <element name="balls" layername="mm" frame="1" z_index="3" m_a="1.000000" m_b="0.000000" m_c="0.000000" m_d="1.000000" m_tx="10.416667" m_ty="0.000000"/>
  </frame>
  <frame idx="450" w="209" h="225" x="10.547058" y="-3.096596">
   <element name="balls" layername="mm" frame="1" z_index="3" m_a="1.000000" m_b="0.000000" m_c="0.000000" m_d="1.000000" m_tx="10.416667" m_ty="0.000000"/>
  </frame>
  <frame idx="475" w="209" h="225" x="10.547058" y="-3.096596">
   <element name="balls" layername="mm" frame="1" z_index="3" m_a="1.000000" m_b="0.000000" m_c="0.000000" m_d="1.000000" m_tx="10.416667" m_ty="0.000000"/>
  </frame>
  <frame idx="500" w="209" h="225" x="10.547058" y="-3.096596">
   <element name="balls" layername="mm" frame="1" z_index="3" m_a="1.000000" m_b="0.000000" m_c="0.000000" m_d="1.000000" m_tx="10.416667" m_ty="0.000000"/>
  </frame>
  <frame idx="525" w="209" h="225" x="10.547058" y="-3.096596">
   <element name="balls" layername="mm" frame="1" z_index="3" m_a="1.000000" m_b="0.000000" m_c="0.000000" m_d="1.000000" m_tx="10.416667" m_ty="0.000000"/>
  </frame>
  <frame idx="550" w="209" h="225" x="10.547058" y="-3.096596">
   <element name="balls" layername="mm" frame="1" z_index="3" m_a="1.000000" m_b="0.000000" m_c="0.000000" m_d="1.000000" m_tx="10.416667" m_ty="0.000000"/>
  </frame>
  <frame idx="575" w="209" h="225" x="10.547058" y="-3.096596">
   <element name="balls" layername="mm" frame="1" z_index="3" m_a="1.000000" m_b="0.000000" m_c="0.000000" m_d="1.000000" m_tx="10.416667" m_ty="0.000000"/>
  </frame>
  <frame idx="600" w="209" h="225" x="10.547058" y="-3.096596">
   <element name="balls" layername="mm" frame="1" z_index="3" m_a="1.000000" m_b="0.000000" m_c="0.000000" m_d="1.000000" m_tx="10.416667" m_ty="0.000000"/>
  </frame>
  <frame idx="625" w="209" h="225" x="10.547058" y="-3.096596">
   <element name="balls" layername="mm" frame="1" z_index="3" m_a="1.000000" m_b="0.000000" m_c="0.000000" m_d="1.000000" m_tx="10.416667" m_ty="0.000000"/>
  </frame>
  <frame idx="650" w="209" h="225" x="10.547058" y="-3.096596">
   <element name="balls" layername="mm" frame="1" z_index="3" m_a="1.000000" m_b="0.000000" m_c="0.000000" m_d="1.000000" m_tx="10.416667" m_ty="0.000000"/>
  </frame>
  <frame idx="675" w="209" h="225" x="10.547058" y="-3.096596">
   <element name="balls" layername="mm" frame="1" z_index="3" m_a="1.000000" m_b="0.000000" m_c="0.000000" m_d="1.000000" m_tx="10.416667" m_ty="0.000000"/>
  </frame>
  <frame idx="700" w="209" h="225" x="10.547058" y="-3.096596">
   <element name="balls" layername="mm" frame="1" z_index="3" m_a="1.000000" m_b="0.000000" m_c="0.000000" m_d="1.000000" m_tx="10.416667" m_ty="0.000000"/>
  </frame>
  <frame idx="725" w="209" h="225" x="10.547058" y="-3.096596">
   <element name="balls" layername="mm" frame="1" z_index="3" m_a="1.000000" m_b="0.000000" m_c="0.000000" m_d="1.000000" m_tx="10.416667" m_ty="0.000000"/>
  </frame>
  <frame idx="750" w="209" h="225" x="10.547058" y="-3.096596">
   <element name="balls" layername="mm" frame="1" z_index="3" m_a="1.000000" m_b="0.000000" m_c="0.000000" m_d="1.000000" m_tx="10.416667" m_ty="0.000000"/>
  </frame>
  <frame idx="775" w="209" h="225" x="10.547058" y="-3.096596">
   <element name="balls" layername="mm" frame="1" z_index="3" m_a="1.000000" m_b="0.000000" m_c="0.000000" m_d="1.000000" m_tx="10.416667" m_ty="0.000000"/>
  </frame>
  <frame idx="800" w="209" h="225" x="10.547058" y="-3.096596">
   <element name="balls" layername="mm" frame="1" z_index="3" m_a="1.000000" m_b="0.000000" m_c="0.000000" m_d="1.000000" m_tx="10.416667" m_ty="0.000000"/>
  </frame>
  <frame idx="825" w="209" h="225" x="10.547058" y="-3.096596">
   <element name="balls" layername="mm" frame="1" z_index="3" m_a="1.000000" m_b="0.000000" m_c="0.000000" m_d="1.000000" m_tx="10.416667" m_ty="0.000000"/>
  </frame>
  <frame idx="850" w="209" h="225" x="10.547058" y="-3.096596">
   <element name="balls" layername="mm" frame="1" z_index="3" m_a="1.000000" m_b="0.000000" m_c="0.000000" m_d="1.000000" m_tx="10.416667" m_ty="0.000000"/>
  </frame>
  <frame idx="875" w="209" h="225" x="10.547058" y="-3.096596">
   <element name="balls" layername="mm" frame="1" z_index="3" m_a="1.000000" m_b="0.000000" m_c="0.000000" m_d="1.000000" m_tx="10.416667" m_ty="0.000000"/>
  </frame>
  <frame idx="900" w="209" h="225" x="10.547058" y="-3.096596">
   <element name="balls" layername="mm" frame="1" z_index="3" m_a="1.000000" m_b="0.000000" m_c="0.000000" m_d="1.000000" m_tx="10.416667" m_ty="0.000000"/>
  </frame>
  <frame idx="925" w="209" h="225" x="10.547058" y="-3.096596">
   <element name="balls" layername="mm" frame="1" z_index="3" m_a="1.000000" m_b="0.000000" m_c="0.000000" m_d="1.000000" m_tx="10.416667" m_ty="0.000000"/>
  </frame>
  <frame idx="950" w="209" h="225" x="10.547058" y="-3.096596">
   <element name="balls" layername="mm" frame="1" z_index="3" m_a="1.000000" m_b="0.000000" m_c="0.000000" m_d="1.000000" m_tx="10.416667" m_ty="0.000000"/>
  </frame>
  <frame idx="975" w="209" h="225" x="10.547058" y="-3.096596">
   <element name="balls" layername="mm" frame="1" z_index="3" m_a="1.000000" m_b="0.000000" m_c="0.000000" m_d="1.000000" m_tx="10.416667" m_ty="0.000000"/>
  </frame>
 </anim>
 <anim name="fly" root="mikasa" numframes="1000" framerate="40">
  <frame idx="0" w="220" h="224" x="0.840263" y="-2.402863">
   <element name="balls" layername="mm" frame="1" z_index="3" m_a="1.000000" m_b="0.000000" m_c="0.000000" m_d="1.000000" m_tx="0.709871" m_ty="0.693737"/>
  </frame>
  <frame idx="25" w="238" h="282" x="17.330101" y="-22.214844">
   <element name="balls" layername="mm" frame="1" z_index="3" m_a="0.983389" m_b="-0.181509" m_c="0.181509" m_d="0.983389" m_tx="0.709871" m_ty="0.693737"/>
  </frame>
  <frame idx="50" w="252" h="334" x="29.949974" y="-44.690796">
   <element name="balls" layername="mm" frame="1" z_index="3" m_a="0.934109" m_b="-0.356988" m_c="0.356988" m_d="0.934109" m_tx="0.709871" m_ty="0.693737"/>
  </frame>
  <frame idx="75" w="261" h="379" x="38.280632" y="-69.084015">
   <element name="balls" layername="mm" frame="1" z_index="3" m_a="0.853796" m_b="-0.520608" m_c="0.520608" m_d="0.853796" m_tx="0.709871" m_ty="0.693737"/>
  </frame>
  <frame idx="100" w="266" h="415" x="42.045326" y="-94.584167">
   <element name="balls" layername="mm" frame="1" z_index="3" m_a="0.745119" m_b="-0.666932" m_c="0.666932" m_d="0.745119" m_tx="0.709871" m_ty="0.693737"/>
  </frame>
  <frame idx="125" w="264" h="442" x="41.118965" y="-120.344040">
   <element name="balls" layername="mm" frame="1" z_index="3" m_a="0.611688" m_b="-0.791099" m_c="0.791099" m_d="0.611688" m_tx="0.709871" m_ty="0.693737"/>
  </frame>
  <frame idx="150" w="258" h="457" x="35.532341" y="-145.507874">
   <element name="balls" layername="mm" frame="1" z_index="3" m_a="0.457935" m_b="-0.888985" m_c="0.888985" m_d="0.457935" m_tx="0.709871" m_ty="0.693737"/>
  </frame>
  <frame idx="175" w="247" h="461" x="25.471046" y="-169.239716">
   <element name="balls" layername="mm" frame="1" z_index="3" m_a="0.288970" m_b="-0.957338" m_c="0.957338" m_d="0.288970" m_tx="0.709871" m_ty="0.693737"/>
  </frame>
  <frame idx="200" w="231" h="454" x="11.269341" y="-190.751160">
   <element name="balls" layername="mm" frame="1" z_index="3" m_a="0.110404" m_b="-0.993887" m_c="0.993887" m_d="0.110404" m_tx="0.709871" m_ty="0.693737"/>
  </frame>
  <frame idx="225" w="244" h="467" x="-6.600990" y="-209.327484">
   <element name="balls" layername="mm" frame="1" z_index="3" m_a="-0.071829" m_b="-0.997417" m_c="0.997417" m_d="-0.071829" m_tx="0.709871" m_ty="0.693737"/>
  </frame>
  <frame idx="250" w="300" h="516" x="-27.546234" y="-224.351654">
   <element name="balls" layername="mm" frame="1" z_index="3" m_a="-0.251676" m_b="-0.967811" m_c="0.967811" m_d="-0.251676" m_tx="0.709871" m_ty="0.693737"/>
  </frame>
  <frame idx="275" w="349" h="553" x="-50.870605" y="-235.324493">
   <element name="balls" layername="mm" frame="1" z_index="3" m_a="-0.423163" m_b="-0.906054" m_c="0.906054" m_d="-0.423163" m_tx="0.709871" m_ty="0.693737"/>
  </frame>
  <frame idx="300" w="391" h="574" x="-75.799194" y="-241.881470">
   <element name="balls" layername="mm" frame="1" z_index="3" m_a="-0.580590" m_b="-0.814196" m_c="0.814196" m_d="-0.580590" m_tx="0.709871" m_ty="0.693737"/>
  </frame>
  <frame idx="325" w="424" h="580" x="-101.503876" y="-243.804794">
   <element name="balls" layername="mm" frame="1" z_index="3" m_a="-0.718730" m_b="-0.695289" m_c="0.695289" m_d="-0.718730" m_tx="0.709871" m_ty="0.693737"/>
  </frame>
  <frame idx="350" w="445" h="572" x="-125.290482" y="-241.389145">
   <element name="balls" layername="mm" frame="1" z_index="3" m_a="-0.825585" m_b="-0.564278" m_c="0.564278" m_d="-0.825585" m_tx="0.709871" m_ty="0.693737"/>
  </frame>
  <frame idx="375" w="456" h="552" x="-148.330261" y="-235.000977">
   <element name="balls" layername="mm" frame="1" z_index="3" m_a="-0.908843" m_b="-0.417138" m_c="0.417138" m_d="-0.908843" m_tx="0.709871" m_ty="0.693737"/>
  </frame>
  <frame idx="400" w="457" h="517" x="-169.964630" y="-224.822906">
   <element name="balls" layername="mm" frame="1" z_index="3" m_a="-0.966125" m_b="-0.258076" m_c="0.258076" m_d="-0.966125" m_tx="0.709871" m_ty="0.693737"/>
  </frame>
  <frame idx="425" w="449" h="472" x="-189.575256" y="-211.145828">
   <element name="balls" layername="mm" frame="1" z_index="3" m_a="-0.995792" m_b="-0.091637" m_c="0.091637" m_d="-0.995792" m_tx="0.709871" m_ty="0.693737"/>
  </frame>
  <frame idx="450" w="465" h="451" x="-206.601608" y="-194.360687">
   <element name="balls" layername="mm" frame="1" z_index="3" m_a="-0.996999" m_b="0.077420" m_c="-0.077420" m_d="-0.996999" m_tx="0.709871" m_ty="0.693737"/>
  </frame>
  <frame idx="475" w="511" h="460" x="-220.557098" y="-174.947174">
   <element name="balls" layername="mm" frame="1" z_index="3" m_a="-0.969708" m_b="0.244265" m_c="-0.244265" m_d="-0.969708" m_tx="0.709871" m_ty="0.693737"/>
  </frame>
  <frame idx="500" w="545" h="460" x="-231.042801" y="-153.460220">
   <element name="balls" layername="mm" frame="1" z_index="3" m_a="-0.914702" m_b="0.404129" m_c="-0.404129" m_d="-0.914702" m_tx="0.709871" m_ty="0.693737"/>
  </frame>
  <frame idx="525" w="567" h="449" x="-237.759033" y="-130.513992">
   <element name="balls" layername="mm" frame="1" z_index="3" m_a="-0.833552" m_b="0.552441" m_c="-0.552441" m_d="-0.833552" m_tx="0.709871" m_ty="0.693737"/>
  </frame>
  <frame idx="550" w="577" h="429" x="-240.513824" y="-106.764236">
   <element name="balls" layername="mm" frame="1" z_index="3" m_a="-0.728577" m_b="0.684964" m_c="-0.684964" m_d="-0.728577" m_tx="0.709871" m_ty="0.693737"/>
  </frame>
  <frame idx="575" w="572" h="401" x="-239.228455" y="-82.889862">
   <element name="balls" layername="mm" frame="1" z_index="3" m_a="-0.602779" m_b="0.797909" m_c="-0.797909" m_d="-0.602779" m_tx="0.709871" m_ty="0.693737"/>
  </frame>
  <frame idx="600" w="555" h="363" x="-233.939636" y="-59.573196">
   <element name="balls" layername="mm" frame="1" z_index="3" m_a="-0.459751" m_b="0.888048" m_c="-0.888048" m_d="-0.459751" m_tx="0.709871" m_ty="0.693737"/>
  </frame>
  <frame idx="625" w="525" h="318" x="-224.798523" y="-37.480644">
   <element name="balls" layername="mm" frame="1" z_index="3" m_a="-0.303583" m_b="0.952805" m_c="-0.952805" m_d="-0.303583" m_tx="0.709871" m_ty="0.693737"/>
  </frame>
  <frame idx="650" w="482" h="269" x="-212.066437" y="-17.243736">
   <element name="balls" layername="mm" frame="1" z_index="3" m_a="-0.138738" m_b="0.990329" m_c="-0.990329" m_d="-0.138738" m_tx="0.709871" m_ty="0.693737"/>
  </frame>
  <frame idx="675" w="444" h="227" x="-196.107269" y="0.559158">
   <element name="balls" layername="mm" frame="1" z_index="3" m_a="0.030072" m_b="0.999548" m_c="-0.999548" m_d="0.030072" m_tx="0.709871" m_ty="0.693737"/>
  </frame>
  <frame idx="700" w="456" h="244" x="-177.377136" y="15.419189">
   <element name="balls" layername="mm" frame="1" z_index="3" m_a="0.198023" m_b="0.980197" m_c="-0.980197" m_d="0.198023" m_tx="0.709871" m_ty="0.693737"/>
  </frame>
  <frame idx="725" w="458" h="256" x="-156.411346" y="26.911682">
   <element name="balls" layername="mm" frame="1" z_index="3" m_a="0.360315" m_b="0.932831" m_c="-0.932831" m_d="0.360315" m_tx="0.709871" m_ty="0.693737"/>
  </frame>
  <frame idx="750" w="451" h="263" x="-137.935791" y="33.598663">
   <element name="balls" layername="mm" frame="1" z_index="3" m_a="0.486127" m_b="0.873888" m_c="-0.873888" m_d="0.486127" m_tx="0.709871" m_ty="0.693737"/>
  </frame>
  <frame idx="775" w="443" h="267" x="-123.285126" y="36.945496">
   <element name="balls" layername="mm" frame="1" z_index="3" m_a="0.576115" m_b="0.817369" m_c="-0.817369" m_d="0.576115" m_tx="0.709871" m_ty="0.693737"/>
  </frame>
  <frame idx="800" w="431" h="269" x="-108.362091" y="38.718781">
   <element name="balls" layername="mm" frame="1" z_index="3" m_a="0.659596" m_b="0.751620" m_c="-0.751620" m_d="0.659596" m_tx="0.709871" m_ty="0.693737"/>
  </frame>
  <frame idx="825" w="414" h="269" x="-93.335159" y="38.898499">
   <element name="balls" layername="mm" frame="1" z_index="3" m_a="0.735630" m_b="0.677384" m_c="-0.677384" m_d="0.735630" m_tx="0.709871" m_ty="0.693737"/>
  </frame>
  <frame idx="850" w="395" h="268" x="-78.373917" y="37.482635">
   <element name="balls" layername="mm" frame="1" z_index="3" m_a="0.803357" m_b="0.595498" m_c="-0.595498" m_d="0.803357" m_tx="0.709871" m_ty="0.693737"/>
  </frame>
  <frame idx="875" w="372" h="264" x="-63.647400" y="34.487152">
   <element name="balls" layername="mm" frame="1" z_index="3" m_a="0.862012" m_b="0.506888" m_c="-0.506888" m_d="0.862012" m_tx="0.709871" m_ty="0.693737"/>
  </frame>
  <frame idx="900" w="347" h="259" x="-49.321960" y="29.945892">
   <element name="balls" layername="mm" frame="1" z_index="3" m_a="0.910933" m_b="0.412555" m_c="-0.412555" m_d="0.910933" m_tx="0.709871" m_ty="0.693737"/>
  </frame>
  <frame idx="925" w="318" h="252" x="-35.559219" y="23.910141">
   <element name="balls" layername="mm" frame="1" z_index="3" m_a="0.949568" m_b="0.313562" m_c="-0.313562" m_d="0.949568" m_tx="0.709871" m_ty="0.693737"/>
  </frame>
  <frame idx="950" w="288" h="245" x="-22.514786" y="16.448105">
   <element name="balls" layername="mm" frame="1" z_index="3" m_a="0.977480" m_b="0.211030" m_c="-0.211030" m_d="0.977480" m_tx="0.709871" m_ty="0.693737"/>
  </frame>
  <frame idx="975" w="255" h="235" x="-10.335724" y="7.643921">
   <element name="balls" layername="mm" frame="1" z_index="3" m_a="0.994354" m_b="0.106114" m_c="-0.106114" m_d="0.994354" m_tx="0.709871" m_ty="0.693737"/>
  </frame>
 </anim>
</Anims>
