<Anims>
 <anim name="anim" root="ppower" numframes="600" framerate="40">
  <frame idx="0" w="141" h="135" x="0.350464" y="6.475616">
   <element name="frame_circle" layername="frame_circle" frame="0" z_index="1" m_a="1.000000" m_b="0.000000" m_c="0.000000" m_d="1.000000" m_tx="0.500000" m_ty="-0.649000"/>
   <element name="brain" layername="brain" frame="0" z_index="2" m_a="1.000000" m_b="0.000000" m_c="0.000000" m_d="1.000000" m_tx="0.000000" m_ty="0.000100"/>
   <element name="sanity_level" layername="sanity_level" frame="0" z_index="3" m_a="1.000000" m_b="0.000000" m_c="0.000000" m_d="1.000000" m_tx="0.010000" m_ty="32.000000"/>
   <element name="bg" layername="bg" frame="0" z_index="4" m_a="1.000000" m_b="0.000000" m_c="0.000000" m_d="1.000000" m_tx="-86.549004" m_ty="-87.598999"/>
   <element name="bg2" layername="bg2" frame="0" z_index="5" m_a="1.000000" m_b="0.000000" m_c="0.000000" m_d="1.000000" m_tx="-86.749001" m_ty="-87.749001"/>
  </frame>
  <frame idx="25" w="141" h="135" x="0.360462" y="6.465515">
   <element name="frame_circle" layername="frame_circle" frame="0" z_index="1" m_a="1.000000" m_b="0.000000" m_c="0.000000" m_d="1.000000" m_tx="0.500000" m_ty="-0.649000"/>
   <element name="brain" layername="brain" frame="0" z_index="2" m_a="1.000000" m_b="0.000000" m_c="0.000000" m_d="1.000000" m_tx="0.010000" m_ty="-0.010000"/>
   <element name="sanity_level" layername="sanity_level" frame="1" z_index="3" m_a="1.000000" m_b="0.000000" m_c="0.000000" m_d="1.000000" m_tx="0.010000" m_ty="32.000000"/>
   <element name="bg" layername="bg" frame="0" z_index="4" m_a="1.000000" m_b="0.000000" m_c="0.000000" m_d="1.000000" m_tx="-86.549004" m_ty="-87.598999"/>
   <element name="bg2" layername="bg2" frame="0" z_index="5" m_a="1.000000" m_b="0.000000" m_c="0.000000" m_d="1.000000" m_tx="-86.749001" m_ty="-87.749001"/>
  </frame>
  <frame idx="50" w="141" h="135" x="0.360462" y="6.465515">
   <element name="frame_circle" layername="frame_circle" frame="0" z_index="1" m_a="1.000000" m_b="0.000000" m_c="0.000000" m_d="1.000000" m_tx="0.500000" m_ty="-0.649000"/>
   <element name="brain" layername="brain" frame="0" z_index="2" m_a="1.000000" m_b="0.000000" m_c="0.000000" m_d="1.000000" m_tx="0.010000" m_ty="-0.010000"/>
   <element name="sanity_level" layername="sanity_level" frame="2" z_index="3" m_a="1.000000" m_b="0.000000" m_c="0.000000" m_d="1.000000" m_tx="0.010000" m_ty="32.000000"/>
   <element name="bg" layername="bg" frame="0" z_index="4" m_a="1.000000" m_b="0.000000" m_c="0.000000" m_d="1.000000" m_tx="-86.549004" m_ty="-87.598999"/>
   <element name="bg2" layername="bg2" frame="0" z_index="5" m_a="1.000000" m_b="0.000000" m_c="0.000000" m_d="1.000000" m_tx="-86.749001" m_ty="-87.749001"/>
  </frame>
  <frame idx="75" w="141" h="135" x="0.360462" y="6.465515">
   <element name="frame_circle" layername="frame_circle" frame="0" z_index="1" m_a="1.000000" m_b="0.000000" m_c="0.000000" m_d="1.000000" m_tx="0.500000" m_ty="-0.649000"/>
   <element name="brain" layername="brain" frame="0" z_index="2" m_a="1.000000" m_b="0.000000" m_c="0.000000" m_d="1.000000" m_tx="0.010000" m_ty="-0.010000"/>
   <element name="sanity_level" layername="sanity_level" frame="3" z_index="3" m_a="1.000000" m_b="0.000000" m_c="0.000000" m_d="1.000000" m_tx="0.010000" m_ty="32.000000"/>
   <element name="bg" layername="bg" frame="0" z_index="4" m_a="1.000000" m_b="0.000000" m_c="0.000000" m_d="1.000000" m_tx="-86.549004" m_ty="-87.598999"/>
   <element name="bg2" layername="bg2" frame="0" z_index="5" m_a="1.000000" m_b="0.000000" m_c="0.000000" m_d="1.000000" m_tx="-86.749001" m_ty="-87.749001"/>
  </frame>
  <frame idx="100" w="141" h="135" x="0.360462" y="6.465515">
   <element name="frame_circle" layername="frame_circle" frame="0" z_index="1" m_a="1.000000" m_b="0.000000" m_c="0.000000" m_d="1.000000" m_tx="0.500000" m_ty="-0.649000"/>
   <element name="brain" layername="brain" frame="0" z_index="2" m_a="1.000000" m_b="0.000000" m_c="0.000000" m_d="1.000000" m_tx="0.010000" m_ty="-0.010000"/>
   <element name="sanity_level" layername="sanity_level" frame="4" z_index="3" m_a="1.000000" m_b="0.000000" m_c="0.000000" m_d="1.000000" m_tx="0.010000" m_ty="32.000000"/>
   <element name="bg" layername="bg" frame="0" z_index="4" m_a="1.000000" m_b="0.000000" m_c="0.000000" m_d="1.000000" m_tx="-86.549004" m_ty="-87.598999"/>
   <element name="bg2" layername="bg2" frame="0" z_index="5" m_a="1.000000" m_b="0.000000" m_c="0.000000" m_d="1.000000" m_tx="-86.749001" m_ty="-87.749001"/>
  </frame>
  <frame idx="125" w="141" h="135" x="0.360462" y="6.465515">
   <element name="frame_circle" layername="frame_circle" frame="0" z_index="1" m_a="1.000000" m_b="0.000000" m_c="0.000000" m_d="1.000000" m_tx="0.500000" m_ty="-0.649000"/>
   <element name="brain" layername="brain" frame="0" z_index="2" m_a="1.000000" m_b="0.000000" m_c="0.000000" m_d="1.000000" m_tx="0.010000" m_ty="-0.010000"/>
   <element name="sanity_level" layername="sanity_level" frame="5" z_index="3" m_a="1.000000" m_b="0.000000" m_c="0.000000" m_d="1.000000" m_tx="0.010000" m_ty="32.000000"/>
   <element name="bg" layername="bg" frame="0" z_index="4" m_a="1.000000" m_b="0.000000" m_c="0.000000" m_d="1.000000" m_tx="-86.549004" m_ty="-87.598999"/>
   <element name="bg2" layername="bg2" frame="0" z_index="5" m_a="1.000000" m_b="0.000000" m_c="0.000000" m_d="1.000000" m_tx="-86.749001" m_ty="-87.749001"/>
  </frame>
  <frame idx="150" w="132" h="126" x="0.338562" y="6.060795">
   <element name="frame_circle" layername="frame_circle" frame="0" z_index="1" m_a="1.000000" m_b="0.000000" m_c="0.000000" m_d="1.000000" m_tx="0.500000" m_ty="-0.649000"/>
   <element name="brain" layername="brain" frame="1" z_index="2" m_a="1.000000" m_b="0.000000" m_c="0.000000" m_d="1.000000" m_tx="-1.712000" m_ty="-1.564723"/>
   <element name="sanity_level" layername="sanity_level" frame="6" z_index="3" m_a="1.000000" m_b="0.000000" m_c="0.000000" m_d="1.000000" m_tx="0.010000" m_ty="32.000000"/>
   <element name="bg" layername="bg" frame="0" z_index="4" m_a="1.000000" m_b="0.000000" m_c="0.000000" m_d="1.000000" m_tx="-86.549004" m_ty="-87.598999"/>
   <element name="bg2" layername="bg2" frame="0" z_index="5" m_a="1.000000" m_b="0.000000" m_c="0.000000" m_d="1.000000" m_tx="-86.749001" m_ty="-87.749001"/>
  </frame>
  <frame idx="175" w="132" h="126" x="0.338562" y="6.060795">
   <element name="frame_circle" layername="frame_circle" frame="0" z_index="1" m_a="1.000000" m_b="0.000000" m_c="0.000000" m_d="1.000000" m_tx="0.500000" m_ty="-0.649000"/>
   <element name="brain" layername="brain" frame="1" z_index="2" m_a="1.000000" m_b="0.000000" m_c="0.000000" m_d="1.000000" m_tx="-1.712000" m_ty="-1.564723"/>
   <element name="sanity_level" layername="sanity_level" frame="7" z_index="3" m_a="1.000000" m_b="0.000000" m_c="0.000000" m_d="1.000000" m_tx="0.010000" m_ty="32.000000"/>
   <element name="bg" layername="bg" frame="0" z_index="4" m_a="1.000000" m_b="0.000000" m_c="0.000000" m_d="1.000000" m_tx="-86.549004" m_ty="-87.598999"/>
   <element name="bg2" layername="bg2" frame="0" z_index="5" m_a="1.000000" m_b="0.000000" m_c="0.000000" m_d="1.000000" m_tx="-86.749001" m_ty="-87.749001"/>
  </frame>
  <frame idx="200" w="132" h="126" x="0.338562" y="6.060795">
   <element name="frame_circle" layername="frame_circle" frame="0" z_index="1" m_a="1.000000" m_b="0.000000" m_c="0.000000" m_d="1.000000" m_tx="0.500000" m_ty="-0.649000"/>
   <element name="brain" layername="brain" frame="1" z_index="2" m_a="1.000000" m_b="0.000000" m_c="0.000000" m_d="1.000000" m_tx="-1.712000" m_ty="-1.564723"/>
   <element name="sanity_level" layername="sanity_level" frame="8" z_index="3" m_a="1.000000" m_b="0.000000" m_c="0.000000" m_d="1.000000" m_tx="0.010000" m_ty="32.000000"/>
   <element name="bg" layername="bg" frame="0" z_index="4" m_a="1.000000" m_b="0.000000" m_c="0.000000" m_d="1.000000" m_tx="-86.549004" m_ty="-87.598999"/>
   <element name="bg2" layername="bg2" frame="0" z_index="5" m_a="1.000000" m_b="0.000000" m_c="0.000000" m_d="1.000000" m_tx="-86.749001" m_ty="-87.749001"/>
  </frame>
  <frame idx="225" w="132" h="126" x="0.338562" y="6.060795">
   <element name="frame_circle" layername="frame_circle" frame="0" z_index="1" m_a="1.000000" m_b="0.000000" m_c="0.000000" m_d="1.000000" m_tx="0.500000" m_ty="-0.649000"/>
   <element name="brain" layername="brain" frame="1" z_index="2" m_a="1.000000" m_b="0.000000" m_c="0.000000" m_d="1.000000" m_tx="-1.712000" m_ty="-1.564723"/>
   <element name="sanity_level" layername="sanity_level" frame="9" z_index="3" m_a="1.000000" m_b="0.000000" m_c="0.000000" m_d="1.000000" m_tx="0.010000" m_ty="32.000000"/>
   <element name="bg" layername="bg" frame="0" z_index="4" m_a="1.000000" m_b="0.000000" m_c="0.000000" m_d="1.000000" m_tx="-86.549004" m_ty="-87.598999"/>
   <element name="bg2" layername="bg2" frame="0" z_index="5" m_a="1.000000" m_b="0.000000" m_c="0.000000" m_d="1.000000" m_tx="-86.749001" m_ty="-87.749001"/>
  </frame>
  <frame idx="250" w="132" h="126" x="0.338562" y="6.060795">
   <element name="frame_circle" layername="frame_circle" frame="0" z_index="1" m_a="1.000000" m_b="0.000000" m_c="0.000000" m_d="1.000000" m_tx="0.500000" m_ty="-0.649000"/>
   <element name="brain" layername="brain" frame="1" z_index="2" m_a="1.000000" m_b="0.000000" m_c="0.000000" m_d="1.000000" m_tx="-1.712000" m_ty="-1.564723"/>
   <element name="sanity_level" layername="sanity_level" frame="10" z_index="3" m_a="1.000000" m_b="0.000000" m_c="0.000000" m_d="1.000000" m_tx="0.010000" m_ty="32.000000"/>
   <element name="bg" layername="bg" frame="0" z_index="4" m_a="1.000000" m_b="0.000000" m_c="0.000000" m_d="1.000000" m_tx="-86.549004" m_ty="-87.598999"/>
   <element name="bg2" layername="bg2" frame="0" z_index="5" m_a="1.000000" m_b="0.000000" m_c="0.000000" m_d="1.000000" m_tx="-86.749001" m_ty="-87.749001"/>
  </frame>
  <frame idx="275" w="132" h="126" x="0.338562" y="6.060795">
   <element name="frame_circle" layername="frame_circle" frame="0" z_index="1" m_a="1.000000" m_b="0.000000" m_c="0.000000" m_d="1.000000" m_tx="0.500000" m_ty="-0.649000"/>
   <element name="brain" layername="brain" frame="1" z_index="2" m_a="1.000000" m_b="0.000000" m_c="0.000000" m_d="1.000000" m_tx="-1.712000" m_ty="-1.564723"/>
   <element name="sanity_level" layername="sanity_level" frame="11" z_index="3" m_a="1.000000" m_b="0.000000" m_c="0.000000" m_d="1.000000" m_tx="0.010000" m_ty="32.000000"/>
   <element name="bg" layername="bg" frame="0" z_index="4" m_a="1.000000" m_b="0.000000" m_c="0.000000" m_d="1.000000" m_tx="-86.549004" m_ty="-87.598999"/>
   <element name="bg2" layername="bg2" frame="0" z_index="5" m_a="1.000000" m_b="0.000000" m_c="0.000000" m_d="1.000000" m_tx="-86.749001" m_ty="-87.749001"/>
  </frame>
  <frame idx="300" w="132" h="126" x="0.338562" y="6.060795">
   <element name="frame_circle" layername="frame_circle" frame="0" z_index="1" m_a="1.000000" m_b="0.000000" m_c="0.000000" m_d="1.000000" m_tx="0.500000" m_ty="-0.649000"/>
   <element name="brain" layername="brain" frame="1" z_index="2" m_a="1.000000" m_b="0.000000" m_c="0.000000" m_d="1.000000" m_tx="-1.712000" m_ty="-1.564723"/>
   <element name="sanity_level" layername="sanity_level" frame="12" z_index="3" m_a="1.000000" m_b="0.000000" m_c="0.000000" m_d="1.000000" m_tx="0.010000" m_ty="32.000000"/>
   <element name="bg" layername="bg" frame="0" z_index="4" m_a="1.000000" m_b="0.000000" m_c="0.000000" m_d="1.000000" m_tx="-86.549004" m_ty="-87.598999"/>
   <element name="bg2" layername="bg2" frame="0" z_index="5" m_a="1.000000" m_b="0.000000" m_c="0.000000" m_d="1.000000" m_tx="-86.749001" m_ty="-87.749001"/>
  </frame>
  <frame idx="325" w="132" h="126" x="0.338562" y="6.060795">
   <element name="frame_circle" layername="frame_circle" frame="0" z_index="1" m_a="1.000000" m_b="0.000000" m_c="0.000000" m_d="1.000000" m_tx="0.500000" m_ty="-0.649000"/>
   <element name="brain" layername="brain" frame="2" z_index="2" m_a="1.000000" m_b="0.000000" m_c="0.000000" m_d="1.000000" m_tx="-0.886881" m_ty="-2.564686"/>
   <element name="sanity_level" layername="sanity_level" frame="13" z_index="3" m_a="1.000000" m_b="0.000000" m_c="0.000000" m_d="1.000000" m_tx="0.010000" m_ty="32.000000"/>
   <element name="bg" layername="bg" frame="0" z_index="4" m_a="1.000000" m_b="0.000000" m_c="0.000000" m_d="1.000000" m_tx="-86.549004" m_ty="-87.598999"/>
   <element name="bg2" layername="bg2" frame="0" z_index="5" m_a="1.000000" m_b="0.000000" m_c="0.000000" m_d="1.000000" m_tx="-86.749001" m_ty="-87.749001"/>
  </frame>
  <frame idx="350" w="132" h="126" x="0.338562" y="6.060795">
   <element name="frame_circle" layername="frame_circle" frame="0" z_index="1" m_a="1.000000" m_b="0.000000" m_c="0.000000" m_d="1.000000" m_tx="0.500000" m_ty="-0.649000"/>
   <element name="brain" layername="brain" frame="2" z_index="2" m_a="1.000000" m_b="0.000000" m_c="0.000000" m_d="1.000000" m_tx="-0.886881" m_ty="-2.564686"/>
   <element name="sanity_level" layername="sanity_level" frame="14" z_index="3" m_a="1.000000" m_b="0.000000" m_c="0.000000" m_d="1.000000" m_tx="0.012880" m_ty="32.000000"/>
   <element name="bg" layername="bg" frame="0" z_index="4" m_a="1.000000" m_b="0.000000" m_c="0.000000" m_d="1.000000" m_tx="-86.549004" m_ty="-87.598999"/>
   <element name="bg2" layername="bg2" frame="0" z_index="5" m_a="1.000000" m_b="0.000000" m_c="0.000000" m_d="1.000000" m_tx="-86.749001" m_ty="-87.749001"/>
  </frame>
  <frame idx="375" w="132" h="126" x="0.338562" y="6.060795">
   <element name="frame_circle" layername="frame_circle" frame="0" z_index="1" m_a="1.000000" m_b="0.000000" m_c="0.000000" m_d="1.000000" m_tx="0.500000" m_ty="-0.649000"/>
   <element name="brain" layername="brain" frame="2" z_index="2" m_a="1.000000" m_b="0.000000" m_c="0.000000" m_d="1.000000" m_tx="-0.886881" m_ty="-2.564686"/>
   <element name="sanity_level" layername="sanity_level" frame="15" z_index="3" m_a="1.000000" m_b="0.000000" m_c="0.000000" m_d="1.000000" m_tx="0.012880" m_ty="32.000000"/>
   <element name="bg" layername="bg" frame="0" z_index="4" m_a="1.000000" m_b="0.000000" m_c="0.000000" m_d="1.000000" m_tx="-86.549004" m_ty="-87.598999"/>
   <element name="bg2" layername="bg2" frame="0" z_index="5" m_a="1.000000" m_b="0.000000" m_c="0.000000" m_d="1.000000" m_tx="-86.749001" m_ty="-87.749001"/>
  </frame>
  <frame idx="400" w="132" h="126" x="0.338562" y="6.060795">
   <element name="frame_circle" layername="frame_circle" frame="0" z_index="1" m_a="1.000000" m_b="0.000000" m_c="0.000000" m_d="1.000000" m_tx="0.500000" m_ty="-0.649000"/>
   <element name="brain" layername="brain" frame="2" z_index="2" m_a="1.000000" m_b="0.000000" m_c="0.000000" m_d="1.000000" m_tx="-0.886881" m_ty="-2.564686"/>
   <element name="sanity_level" layername="sanity_level" frame="16" z_index="3" m_a="1.000000" m_b="0.000000" m_c="0.000000" m_d="1.000000" m_tx="0.015819" m_ty="32.000000"/>
   <element name="bg" layername="bg" frame="0" z_index="4" m_a="1.000000" m_b="0.000000" m_c="0.000000" m_d="1.000000" m_tx="-86.549004" m_ty="-87.598999"/>
   <element name="bg2" layername="bg2" frame="0" z_index="5" m_a="1.000000" m_b="0.000000" m_c="0.000000" m_d="1.000000" m_tx="-86.749001" m_ty="-87.749001"/>
  </frame>
  <frame idx="425" w="132" h="126" x="0.338562" y="6.060795">
   <element name="frame_circle" layername="frame_circle" frame="0" z_index="1" m_a="1.000000" m_b="0.000000" m_c="0.000000" m_d="1.000000" m_tx="0.500000" m_ty="-0.649000"/>
   <element name="brain" layername="brain" frame="2" z_index="2" m_a="1.000000" m_b="0.000000" m_c="0.000000" m_d="1.000000" m_tx="-0.886881" m_ty="-2.564686"/>
   <element name="sanity_level" layername="sanity_level" frame="17" z_index="3" m_a="1.000000" m_b="0.000000" m_c="0.000000" m_d="1.000000" m_tx="0.040838" m_ty="32.000000"/>
   <element name="bg" layername="bg" frame="0" z_index="4" m_a="1.000000" m_b="0.000000" m_c="0.000000" m_d="1.000000" m_tx="-86.549004" m_ty="-87.598999"/>
   <element name="bg2" layername="bg2" frame="0" z_index="5" m_a="1.000000" m_b="0.000000" m_c="0.000000" m_d="1.000000" m_tx="-86.749001" m_ty="-87.749001"/>
  </frame>
  <frame idx="450" w="132" h="126" x="0.338562" y="6.060795">
   <element name="frame_circle" layername="frame_circle" frame="0" z_index="1" m_a="1.000000" m_b="0.000000" m_c="0.000000" m_d="1.000000" m_tx="0.500000" m_ty="-0.649000"/>
   <element name="brain" layername="brain" frame="2" z_index="2" m_a="1.000000" m_b="0.000000" m_c="0.000000" m_d="1.000000" m_tx="-0.886881" m_ty="-2.564686"/>
   <element name="sanity_level" layername="sanity_level" frame="18" z_index="3" m_a="1.000000" m_b="0.000000" m_c="0.000000" m_d="1.000000" m_tx="0.018735" m_ty="32.000000"/>
   <element name="bg" layername="bg" frame="0" z_index="4" m_a="1.000000" m_b="0.000000" m_c="0.000000" m_d="1.000000" m_tx="-86.549004" m_ty="-87.598999"/>
   <element name="bg2" layername="bg2" frame="0" z_index="5" m_a="1.000000" m_b="0.000000" m_c="0.000000" m_d="1.000000" m_tx="-86.749001" m_ty="-87.749001"/>
  </frame>
  <frame idx="475" w="132" h="126" x="0.338562" y="6.060799">
   <element name="frame_circle" layername="frame_circle" frame="0" z_index="1" m_a="1.000000" m_b="0.000000" m_c="0.000000" m_d="1.000000" m_tx="0.500000" m_ty="-0.649000"/>
   <element name="brain" layername="brain" frame="3" z_index="2" m_a="1.000000" m_b="0.000000" m_c="0.000000" m_d="1.000000" m_tx="-2.849482" m_ty="-3.636161"/>
   <element name="sanity_level" layername="sanity_level" frame="19" z_index="3" m_a="1.000000" m_b="0.000000" m_c="0.000000" m_d="1.000000" m_tx="0.046660" m_ty="32.000000"/>
   <element name="bg" layername="bg" frame="0" z_index="4" m_a="1.000000" m_b="0.000000" m_c="0.000000" m_d="1.000000" m_tx="-86.549004" m_ty="-87.598999"/>
   <element name="bg2" layername="bg2" frame="0" z_index="5" m_a="1.000000" m_b="0.000000" m_c="0.000000" m_d="1.000000" m_tx="-86.749001" m_ty="-87.749001"/>
  </frame>
  <frame idx="500" w="132" h="126" x="0.338562" y="6.060799">
   <element name="frame_circle" layername="frame_circle" frame="0" z_index="1" m_a="1.000000" m_b="0.000000" m_c="0.000000" m_d="1.000000" m_tx="0.500000" m_ty="-0.649000"/>
   <element name="brain" layername="brain" frame="3" z_index="2" m_a="1.000000" m_b="0.000000" m_c="0.000000" m_d="1.000000" m_tx="-2.849482" m_ty="-3.636161"/>
   <element name="sanity_level" layername="sanity_level" frame="20" z_index="3" m_a="1.000000" m_b="0.000000" m_c="0.000000" m_d="1.000000" m_tx="0.027467" m_ty="32.000000"/>
   <element name="bg" layername="bg" frame="0" z_index="4" m_a="1.000000" m_b="0.000000" m_c="0.000000" m_d="1.000000" m_tx="-86.549004" m_ty="-87.598999"/>
   <element name="bg2" layername="bg2" frame="0" z_index="5" m_a="1.000000" m_b="0.000000" m_c="0.000000" m_d="1.000000" m_tx="-86.749001" m_ty="-87.749001"/>
  </frame>
  <frame idx="525" w="132" h="126" x="0.338562" y="6.060799">
   <element name="frame_circle" layername="frame_circle" frame="0" z_index="1" m_a="1.000000" m_b="0.000000" m_c="0.000000" m_d="1.000000" m_tx="0.500000" m_ty="-0.649000"/>
   <element name="brain" layername="brain" frame="3" z_index="2" m_a="1.000000" m_b="0.000000" m_c="0.000000" m_d="1.000000" m_tx="-2.849482" m_ty="-3.636161"/>
   <element name="sanity_level" layername="sanity_level" frame="21" z_index="3" m_a="1.000000" m_b="0.000000" m_c="0.000000" m_d="1.000000" m_tx="0.030359" m_ty="32.000000"/>
   <element name="bg" layername="bg" frame="0" z_index="4" m_a="1.000000" m_b="0.000000" m_c="0.000000" m_d="1.000000" m_tx="-86.549004" m_ty="-87.598999"/>
   <element name="bg2" layername="bg2" frame="0" z_index="5" m_a="1.000000" m_b="0.000000" m_c="0.000000" m_d="1.000000" m_tx="-86.749001" m_ty="-87.749001"/>
  </frame>
  <frame idx="550" w="132" h="126" x="0.338562" y="6.060799">
   <element name="frame_circle" layername="frame_circle" frame="0" z_index="1" m_a="1.000000" m_b="0.000000" m_c="0.000000" m_d="1.000000" m_tx="0.500000" m_ty="-0.649000"/>
   <element name="brain" layername="brain" frame="3" z_index="2" m_a="1.000000" m_b="0.000000" m_c="0.000000" m_d="1.000000" m_tx="-2.849482" m_ty="-3.636161"/>
   <element name="sanity_level" layername="sanity_level" frame="21" z_index="3" m_a="1.000000" m_b="0.000000" m_c="0.000000" m_d="1.000000" m_tx="0.030359" m_ty="32.000000"/>
   <element name="bg" layername="bg" frame="0" z_index="4" m_a="1.000000" m_b="0.000000" m_c="0.000000" m_d="1.000000" m_tx="-86.549004" m_ty="-87.598999"/>
   <element name="bg2" layername="bg2" frame="0" z_index="5" m_a="1.000000" m_b="0.000000" m_c="0.000000" m_d="1.000000" m_tx="-86.749001" m_ty="-87.749001"/>
  </frame>
  <frame idx="575" w="132" h="126" x="0.338562" y="6.060799">
   <element name="frame_circle" layername="frame_circle" frame="0" z_index="1" m_a="1.000000" m_b="0.000000" m_c="0.000000" m_d="1.000000" m_tx="0.500000" m_ty="-0.649000"/>
   <element name="brain" layername="brain" frame="3" z_index="2" m_a="1.000000" m_b="0.000000" m_c="0.000000" m_d="1.000000" m_tx="-2.849482" m_ty="-3.636161"/>
   <element name="sanity_level" layername="sanity_level" frame="21" z_index="3" m_a="1.000000" m_b="0.000000" m_c="0.000000" m_d="1.000000" m_tx="0.030359" m_ty="32.000000"/>
   <element name="bg" layername="bg" frame="0" z_index="4" m_a="1.000000" m_b="0.000000" m_c="0.000000" m_d="1.000000" m_tx="-86.549004" m_ty="-87.598999"/>
   <element name="bg2" layername="bg2" frame="0" z_index="5" m_a="1.000000" m_b="0.000000" m_c="0.000000" m_d="1.000000" m_tx="-86.749001" m_ty="-87.749001"/>
  </frame>
 </anim>
</Anims>
