<Anims>
 <anim name="idle" root="fx_vortex_purple" numframes="200" framerate="40">
  <frame idx="0" w="374" h="565" x="1.000000" y="-1.000000">
   <element name="fx_resource" layername="fx" frame="1" z_index="1" m_a="1.000000" m_b="0.000000" m_c="0.000000" m_d="1.000000" m_tx="-169.500000" m_ty="-257.000000"/>
  </frame>
  <frame idx="25" w="374" h="565" x="1.000000" y="-1.000000">
   <element name="fx_resource" layername="fx" frame="1" z_index="1" m_a="1.000000" m_b="0.000000" m_c="0.000000" m_d="1.000000" m_tx="-169.500000" m_ty="-257.000000"/>
  </frame>
  <frame idx="50" w="374" h="565" x="1.000000" y="-1.000000">
   <element name="fx_resource" layername="fx" frame="2" z_index="1" m_a="1.000000" m_b="0.000000" m_c="0.000000" m_d="1.000000" m_tx="-169.500000" m_ty="-257.000000"/>
  </frame>
  <frame idx="75" w="374" h="565" x="1.000000" y="-1.000000">
   <element name="fx_resource" layername="fx" frame="2" z_index="1" m_a="1.000000" m_b="0.000000" m_c="0.000000" m_d="1.000000" m_tx="-169.500000" m_ty="-257.000000"/>
  </frame>
  <frame idx="100" w="374" h="565" x="1.000000" y="-1.000000">
   <element name="fx_resource" layername="fx" frame="3" z_index="1" m_a="1.000000" m_b="0.000000" m_c="0.000000" m_d="1.000000" m_tx="-169.500000" m_ty="-257.000000"/>
  </frame>
  <frame idx="125" w="374" h="565" x="1.000000" y="-1.000000">
   <element name="fx_resource" layername="fx" frame="4" z_index="1" m_a="1.000000" m_b="0.000000" m_c="0.000000" m_d="1.000000" m_tx="-169.500000" m_ty="-257.000000"/>
  </frame>
  <frame idx="150" w="374" h="565" x="1.000000" y="-1.000000">
   <element name="fx_resource" layername="fx" frame="4" z_index="1" m_a="1.000000" m_b="0.000000" m_c="0.000000" m_d="1.000000" m_tx="-169.500000" m_ty="-257.000000"/>
  </frame>
  <frame idx="175" w="374" h="565" x="1.000000" y="-1.000000">
   <element name="fx_resource" layername="fx" frame="5" z_index="1" m_a="1.000000" m_b="0.000000" m_c="0.000000" m_d="1.000000" m_tx="-169.500000" m_ty="-257.000000"/>
  </frame>
 </anim>
</Anims>
