<Anims>
 <anim name="idle" root="moteng" numframes="1000" framerate="40">
  <frame idx="0" w="128" h="193" x="132.951782" y="175.749451">
   <element name="balls" layername="12" frame="0" z_index="2" m_a="1.000000" m_b="0.000000" m_c="0.000000" m_d="1.000000" m_tx="135.891815" m_ty="176.496353"/>
  </frame>
  <frame idx="25" w="128" h="193" x="132.951782" y="175.749451">
   <element name="balls" layername="12" frame="0" z_index="2" m_a="1.000000" m_b="0.000000" m_c="0.000000" m_d="1.000000" m_tx="135.891815" m_ty="176.496353"/>
  </frame>
  <frame idx="50" w="128" h="193" x="132.951782" y="175.749451">
   <element name="balls" layername="12" frame="0" z_index="2" m_a="1.000000" m_b="0.000000" m_c="0.000000" m_d="1.000000" m_tx="135.891815" m_ty="176.496353"/>
  </frame>
  <frame idx="75" w="128" h="193" x="132.951782" y="175.749451">
   <element name="balls" layername="12" frame="0" z_index="2" m_a="1.000000" m_b="0.000000" m_c="0.000000" m_d="1.000000" m_tx="135.891815" m_ty="176.496353"/>
  </frame>
  <frame idx="100" w="128" h="193" x="132.951782" y="175.749451">
   <element name="balls" layername="12" frame="0" z_index="2" m_a="1.000000" m_b="0.000000" m_c="0.000000" m_d="1.000000" m_tx="135.891815" m_ty="176.496353"/>
  </frame>
  <frame idx="125" w="128" h="193" x="132.951782" y="175.749451">
   <element name="balls" layername="12" frame="0" z_index="2" m_a="1.000000" m_b="0.000000" m_c="0.000000" m_d="1.000000" m_tx="135.891815" m_ty="176.496353"/>
  </frame>
  <frame idx="150" w="128" h="193" x="132.951782" y="175.749451">
   <element name="balls" layername="12" frame="0" z_index="2" m_a="1.000000" m_b="0.000000" m_c="0.000000" m_d="1.000000" m_tx="135.891815" m_ty="176.496353"/>
  </frame>
  <frame idx="175" w="128" h="193" x="132.951782" y="175.749451">
   <element name="balls" layername="12" frame="0" z_index="2" m_a="1.000000" m_b="0.000000" m_c="0.000000" m_d="1.000000" m_tx="135.891815" m_ty="176.496353"/>
  </frame>
  <frame idx="200" w="128" h="193" x="132.951782" y="175.749451">
   <element name="balls" layername="12" frame="0" z_index="2" m_a="1.000000" m_b="0.000000" m_c="0.000000" m_d="1.000000" m_tx="135.891815" m_ty="176.496353"/>
  </frame>
  <frame idx="225" w="128" h="193" x="132.951782" y="175.749451">
   <element name="balls" layername="12" frame="0" z_index="2" m_a="1.000000" m_b="0.000000" m_c="0.000000" m_d="1.000000" m_tx="135.891815" m_ty="176.496353"/>
  </frame>
  <frame idx="250" w="128" h="193" x="132.951782" y="175.749451">
   <element name="balls" layername="12" frame="0" z_index="2" m_a="1.000000" m_b="0.000000" m_c="0.000000" m_d="1.000000" m_tx="135.891815" m_ty="176.496353"/>
  </frame>
  <frame idx="275" w="128" h="193" x="132.951782" y="175.749451">
   <element name="balls" layername="12" frame="0" z_index="2" m_a="1.000000" m_b="0.000000" m_c="0.000000" m_d="1.000000" m_tx="135.891815" m_ty="176.496353"/>
  </frame>
  <frame idx="300" w="128" h="193" x="132.951782" y="175.749451">
   <element name="balls" layername="12" frame="0" z_index="2" m_a="1.000000" m_b="0.000000" m_c="0.000000" m_d="1.000000" m_tx="135.891815" m_ty="176.496353"/>
  </frame>
  <frame idx="325" w="128" h="193" x="132.951782" y="175.749451">
   <element name="balls" layername="12" frame="0" z_index="2" m_a="1.000000" m_b="0.000000" m_c="0.000000" m_d="1.000000" m_tx="135.891815" m_ty="176.496353"/>
  </frame>
  <frame idx="350" w="128" h="193" x="132.951782" y="175.749451">
   <element name="balls" layername="12" frame="0" z_index="2" m_a="1.000000" m_b="0.000000" m_c="0.000000" m_d="1.000000" m_tx="135.891815" m_ty="176.496353"/>
  </frame>
  <frame idx="375" w="128" h="193" x="132.951782" y="175.749451">
   <element name="balls" layername="12" frame="0" z_index="2" m_a="1.000000" m_b="0.000000" m_c="0.000000" m_d="1.000000" m_tx="135.891815" m_ty="176.496353"/>
  </frame>
  <frame idx="400" w="128" h="193" x="132.951782" y="175.749451">
   <element name="balls" layername="12" frame="0" z_index="2" m_a="1.000000" m_b="0.000000" m_c="0.000000" m_d="1.000000" m_tx="135.891815" m_ty="176.496353"/>
  </frame>
  <frame idx="425" w="128" h="193" x="132.951782" y="175.749451">
   <element name="balls" layername="12" frame="0" z_index="2" m_a="1.000000" m_b="0.000000" m_c="0.000000" m_d="1.000000" m_tx="135.891815" m_ty="176.496353"/>
  </frame>
  <frame idx="450" w="128" h="193" x="132.951782" y="175.749451">
   <element name="balls" layername="12" frame="0" z_index="2" m_a="1.000000" m_b="0.000000" m_c="0.000000" m_d="1.000000" m_tx="135.891815" m_ty="176.496353"/>
  </frame>
  <frame idx="475" w="128" h="193" x="132.951782" y="175.749451">
   <element name="balls" layername="12" frame="0" z_index="2" m_a="1.000000" m_b="0.000000" m_c="0.000000" m_d="1.000000" m_tx="135.891815" m_ty="176.496353"/>
  </frame>
  <frame idx="500" w="128" h="193" x="132.951782" y="175.749451">
   <element name="balls" layername="12" frame="0" z_index="2" m_a="1.000000" m_b="0.000000" m_c="0.000000" m_d="1.000000" m_tx="135.891815" m_ty="176.496353"/>
  </frame>
  <frame idx="525" w="128" h="193" x="132.951782" y="175.749451">
   <element name="balls" layername="12" frame="0" z_index="2" m_a="1.000000" m_b="0.000000" m_c="0.000000" m_d="1.000000" m_tx="135.891815" m_ty="176.496353"/>
  </frame>
  <frame idx="550" w="128" h="193" x="132.951782" y="175.749451">
   <element name="balls" layername="12" frame="0" z_index="2" m_a="1.000000" m_b="0.000000" m_c="0.000000" m_d="1.000000" m_tx="135.891815" m_ty="176.496353"/>
  </frame>
  <frame idx="575" w="128" h="193" x="132.951782" y="175.749451">
   <element name="balls" layername="12" frame="0" z_index="2" m_a="1.000000" m_b="0.000000" m_c="0.000000" m_d="1.000000" m_tx="135.891815" m_ty="176.496353"/>
  </frame>
  <frame idx="600" w="128" h="193" x="132.951782" y="175.749451">
   <element name="balls" layername="12" frame="0" z_index="2" m_a="1.000000" m_b="0.000000" m_c="0.000000" m_d="1.000000" m_tx="135.891815" m_ty="176.496353"/>
  </frame>
  <frame idx="625" w="128" h="193" x="132.951782" y="175.749451">
   <element name="balls" layername="12" frame="0" z_index="2" m_a="1.000000" m_b="0.000000" m_c="0.000000" m_d="1.000000" m_tx="135.891815" m_ty="176.496353"/>
  </frame>
  <frame idx="650" w="128" h="193" x="132.951782" y="175.749451">
   <element name="balls" layername="12" frame="0" z_index="2" m_a="1.000000" m_b="0.000000" m_c="0.000000" m_d="1.000000" m_tx="135.891815" m_ty="176.496353"/>
  </frame>
  <frame idx="675" w="128" h="193" x="132.951782" y="175.749451">
   <element name="balls" layername="12" frame="0" z_index="2" m_a="1.000000" m_b="0.000000" m_c="0.000000" m_d="1.000000" m_tx="135.891815" m_ty="176.496353"/>
  </frame>
  <frame idx="700" w="128" h="193" x="132.951782" y="175.749451">
   <element name="balls" layername="12" frame="0" z_index="2" m_a="1.000000" m_b="0.000000" m_c="0.000000" m_d="1.000000" m_tx="135.891815" m_ty="176.496353"/>
  </frame>
  <frame idx="725" w="128" h="193" x="132.951782" y="175.749451">
   <element name="balls" layername="12" frame="0" z_index="2" m_a="1.000000" m_b="0.000000" m_c="0.000000" m_d="1.000000" m_tx="135.891815" m_ty="176.496353"/>
  </frame>
  <frame idx="750" w="128" h="193" x="132.951782" y="175.749451">
   <element name="balls" layername="12" frame="0" z_index="2" m_a="1.000000" m_b="0.000000" m_c="0.000000" m_d="1.000000" m_tx="135.891815" m_ty="176.496353"/>
  </frame>
  <frame idx="775" w="128" h="193" x="132.951782" y="175.749451">
   <element name="balls" layername="12" frame="0" z_index="2" m_a="1.000000" m_b="0.000000" m_c="0.000000" m_d="1.000000" m_tx="135.891815" m_ty="176.496353"/>
  </frame>
  <frame idx="800" w="128" h="193" x="132.951782" y="175.749451">
   <element name="balls" layername="12" frame="0" z_index="2" m_a="1.000000" m_b="0.000000" m_c="0.000000" m_d="1.000000" m_tx="135.891815" m_ty="176.496353"/>
  </frame>
  <frame idx="825" w="128" h="193" x="132.951782" y="175.749451">
   <element name="balls" layername="12" frame="0" z_index="2" m_a="1.000000" m_b="0.000000" m_c="0.000000" m_d="1.000000" m_tx="135.891815" m_ty="176.496353"/>
  </frame>
  <frame idx="850" w="128" h="193" x="132.951782" y="175.749451">
   <element name="balls" layername="12" frame="0" z_index="2" m_a="1.000000" m_b="0.000000" m_c="0.000000" m_d="1.000000" m_tx="135.891815" m_ty="176.496353"/>
  </frame>
  <frame idx="875" w="128" h="193" x="132.951782" y="175.749451">
   <element name="balls" layername="12" frame="0" z_index="2" m_a="1.000000" m_b="0.000000" m_c="0.000000" m_d="1.000000" m_tx="135.891815" m_ty="176.496353"/>
  </frame>
  <frame idx="900" w="128" h="193" x="132.951782" y="175.749451">
   <element name="balls" layername="12" frame="0" z_index="2" m_a="1.000000" m_b="0.000000" m_c="0.000000" m_d="1.000000" m_tx="135.891815" m_ty="176.496353"/>
  </frame>
  <frame idx="925" w="128" h="193" x="132.951782" y="175.749451">
   <element name="balls" layername="12" frame="0" z_index="2" m_a="1.000000" m_b="0.000000" m_c="0.000000" m_d="1.000000" m_tx="135.891815" m_ty="176.496353"/>
  </frame>
  <frame idx="950" w="128" h="193" x="132.951782" y="175.749451">
   <element name="balls" layername="12" frame="0" z_index="2" m_a="1.000000" m_b="0.000000" m_c="0.000000" m_d="1.000000" m_tx="135.891815" m_ty="176.496353"/>
  </frame>
  <frame idx="975" w="128" h="193" x="132.951782" y="175.749451">
   <element name="balls" layername="12" frame="0" z_index="2" m_a="1.000000" m_b="0.000000" m_c="0.000000" m_d="1.000000" m_tx="135.891815" m_ty="176.496353"/>
  </frame>
 </anim>
 <anim name="fly" root="moteng" numframes="1000" framerate="40">
  <frame idx="0" w="274" h="387" x="-0.951897" y="-0.749039">
   <element name="balls" layername="12" frame="0" z_index="2" m_a="1.000000" m_b="0.000000" m_c="0.000000" m_d="1.000000" m_tx="1.988145" m_ty="-0.002134"/>
  </frame>
  <frame idx="25" w="316" h="479" x="37.067314" y="-35.211578">
   <element name="balls" layername="12" frame="0" z_index="2" m_a="0.971380" m_b="-0.237532" m_c="0.237532" m_d="0.971380" m_tx="1.988145" m_ty="-0.002134"/>
  </frame>
  <frame idx="50" w="348" h="554" x="65.812447" y="-77.718567">
   <element name="balls" layername="12" frame="0" z_index="2" m_a="0.887157" m_b="-0.461468" m_c="0.461468" m_d="0.887157" m_tx="1.988145" m_ty="-0.002134"/>
  </frame>
  <frame idx="75" w="368" h="609" x="83.638084" y="-125.836914">
   <element name="balls" layername="12" frame="0" z_index="2" m_a="0.752153" m_b="-0.658989" m_c="0.658989" m_d="0.752153" m_tx="1.988145" m_ty="-0.002134"/>
  </frame>
  <frame idx="100" w="374" h="640" x="89.523918" y="-176.812241">
   <element name="balls" layername="12" frame="0" z_index="2" m_a="0.574095" m_b="-0.818789" m_c="0.818789" m_d="0.574095" m_tx="1.988145" m_ty="-0.002134"/>
  </frame>
  <frame idx="125" w="368" h="645" x="83.132988" y="-227.726715">
   <element name="balls" layername="12" frame="0" z_index="2" m_a="0.363175" m_b="-0.931721" m_c="0.931721" m_d="0.363175" m_tx="1.988145" m_ty="-0.002134"/>
  </frame>
  <frame idx="150" w="347" h="625" x="64.831169" y="-275.665955">
   <element name="balls" layername="12" frame="0" z_index="2" m_a="0.131468" m_b="-0.991320" m_c="0.991320" m_d="0.131468" m_tx="1.988145" m_ty="-0.002134"/>
  </frame>
  <frame idx="175" w="374" h="664" x="35.666016" y="-317.885864">
   <element name="balls" layername="12" frame="0" z_index="2" m_a="-0.107766" m_b="-0.994176" m_c="0.994176" m_d="-0.107766" m_tx="1.988145" m_ty="-0.002134"/>
  </frame>
  <frame idx="200" w="459" h="776" x="-2.692963" y="-351.969788">
   <element name="balls" layername="12" frame="0" z_index="2" m_a="-0.340830" m_b="-0.940125" m_c="0.940125" m_d="-0.340830" m_tx="1.988145" m_ty="-0.002134"/>
  </frame>
  <frame idx="225" w="525" h="855" x="-48.050156" y="-375.966736">
   <element name="balls" layername="12" frame="0" z_index="2" m_a="-0.554385" m_b="-0.832260" m_c="0.832260" m_d="-0.554385" m_tx="1.988145" m_ty="-0.002134"/>
  </frame>
  <frame idx="250" w="570" h="897" x="-97.809250" y="-388.503052">
   <element name="balls" layername="12" frame="0" z_index="2" m_a="-0.736207" m_b="-0.676756" m_c="0.676756" m_d="-0.736207" m_tx="1.988145" m_ty="-0.002134"/>
  </frame>
  <frame idx="275" w="590" h="898" x="-149.122025" y="-388.861237">
   <element name="balls" layername="12" frame="0" z_index="2" m_a="-0.875888" m_b="-0.482514" m_c="0.482514" m_d="-0.875888" m_tx="1.988145" m_ty="-0.002134"/>
  </frame>
  <frame idx="300" w="583" h="858" x="-199.051270" y="-377.020691">
   <element name="balls" layername="12" frame="0" z_index="2" m_a="-0.965433" m_b="-0.260653" m_c="0.260653" m_d="-0.965433" m_tx="1.988145" m_ty="-0.002134"/>
  </frame>
  <frame idx="325" w="568" h="817" x="-227.306366" y="-364.228638">
   <element name="balls" layername="12" frame="0" z_index="2" m_a="-0.992932" m_b="-0.118681" m_c="0.118681" m_d="-0.992932" m_tx="1.988145" m_ty="-0.002134"/>
  </frame>
  <frame idx="350" w="553" h="783" x="-244.055649" y="-354.117462">
   <element name="balls" layername="12" frame="0" z_index="2" m_a="-0.999616" m_b="-0.027707" m_c="0.027707" m_d="-0.999616" m_tx="1.988145" m_ty="-0.002134"/>
  </frame>
  <frame idx="375" w="583" h="779" x="-259.813721" y="-342.522186">
   <element name="balls" layername="12" frame="0" z_index="2" m_a="-0.997982" m_b="0.063498" m_c="-0.063498" m_d="-0.997982" m_tx="1.988145" m_ty="-0.002134"/>
  </frame>
  <frame idx="400" w="632" h="786" x="-274.449768" y="-329.539093">
   <element name="balls" layername="12" frame="0" z_index="2" m_a="-0.988044" m_b="0.154174" m_c="-0.154174" m_d="-0.988044" m_tx="1.988145" m_ty="-0.002134"/>
  </frame>
  <frame idx="425" w="676" h="788" x="-287.841736" y="-315.276459">
   <element name="balls" layername="12" frame="0" z_index="2" m_a="-0.969884" m_b="0.243567" m_c="-0.243567" m_d="-0.969884" m_tx="1.988145" m_ty="-0.002134"/>
  </frame>
  <frame idx="450" w="715" h="785" x="-299.878418" y="-299.852661">
   <element name="balls" layername="12" frame="0" z_index="2" m_a="-0.943654" m_b="0.330934" m_c="-0.330934" m_d="-0.943654" m_tx="1.988145" m_ty="-0.002134"/>
  </frame>
  <frame idx="475" w="751" h="776" x="-310.459473" y="-283.396301">
   <element name="balls" layername="12" frame="0" z_index="2" m_a="-0.909572" m_b="0.415547" m_c="-0.415547" m_d="-0.909572" m_tx="1.988145" m_ty="-0.002134"/>
  </frame>
  <frame idx="500" w="780" h="763" x="-319.496948" y="-266.044250">
   <element name="balls" layername="12" frame="0" z_index="2" m_a="-0.867921" m_b="0.496702" m_c="-0.496702" m_d="-0.867921" m_tx="1.988145" m_ty="-0.002134"/>
  </frame>
  <frame idx="525" w="805" h="745" x="-326.915649" y="-247.940781">
   <element name="balls" layername="12" frame="0" z_index="2" m_a="-0.819049" m_b="0.573724" m_c="-0.573724" m_d="-0.819049" m_tx="1.988145" m_ty="-0.002134"/>
  </frame>
  <frame idx="550" w="824" h="723" x="-332.653778" y="-229.236649">
   <element name="balls" layername="12" frame="0" z_index="2" m_a="-0.763361" m_b="0.645972" m_c="-0.645972" m_d="-0.763361" m_tx="1.988145" m_ty="-0.002134"/>
  </frame>
  <frame idx="575" w="838" h="697" x="-336.663666" y="-210.087433">
   <element name="balls" layername="12" frame="0" z_index="2" m_a="-0.701321" m_b="0.712845" m_c="-0.712845" m_d="-0.701321" m_tx="1.988145" m_ty="-0.002134"/>
  </frame>
  <frame idx="600" w="844" h="666" x="-338.911926" y="-190.652496">
   <element name="balls" layername="12" frame="0" z_index="2" m_a="-0.633446" m_b="0.773787" m_c="-0.773787" m_d="-0.633446" m_tx="1.988145" m_ty="-0.002134"/>
  </frame>
  <frame idx="625" w="846" h="631" x="-339.379822" y="-171.093628">
   <element name="balls" layername="12" frame="0" z_index="2" m_a="-0.560300" m_b="0.828290" m_c="-0.828290" m_d="-0.560300" m_tx="1.988145" m_ty="-0.002134"/>
  </frame>
  <frame idx="650" w="842" h="592" x="-338.063446" y="-151.573303">
   <element name="balls" layername="12" frame="0" z_index="2" m_a="-0.482491" m_b="0.875901" m_c="-0.875901" m_d="-0.482491" m_tx="1.988145" m_ty="-0.002134"/>
  </frame>
  <frame idx="675" w="832" h="550" x="-334.973816" y="-132.254242">
   <element name="balls" layername="12" frame="0" z_index="2" m_a="-0.400668" m_b="0.916223" m_c="-0.916223" m_d="-0.400668" m_tx="1.988145" m_ty="-0.002134"/>
  </frame>
  <frame idx="700" w="816" h="506" x="-330.136566" y="-113.297089">
   <element name="balls" layername="12" frame="0" z_index="2" m_a="-0.315511" m_b="0.948922" m_c="-0.948922" m_d="-0.315511" m_tx="1.988145" m_ty="-0.002134"/>
  </frame>
  <frame idx="725" w="778" h="428" x="-318.704620" y="-83.765945">
   <element name="balls" layername="12" frame="0" z_index="2" m_a="-0.172350" m_b="0.985036" m_c="-0.985036" m_d="-0.172350" m_tx="1.988145" m_ty="-0.002134"/>
  </frame>
  <frame idx="750" w="722" h="339" x="-301.751953" y="-54.329353">
   <element name="balls" layername="12" frame="0" z_index="2" m_a="-0.014668" m_b="0.999892" m_c="-0.999892" m_d="-0.014668" m_tx="1.988145" m_ty="-0.002134"/>
  </frame>
  <frame idx="775" w="730" h="357" x="-280.364380" y="-27.938492">
   <element name="balls" layername="12" frame="0" z_index="2" m_a="0.143382" m_b="0.989667" m_c="-0.989667" m_d="0.143382" m_tx="1.988145" m_ty="-0.002134"/>
  </frame>
  <frame idx="800" w="731" h="382" x="-255.078400" y="-5.255356">
   <element name="balls" layername="12" frame="0" z_index="2" m_a="0.297835" m_b="0.954617" m_c="-0.954617" m_d="0.297835" m_tx="1.988145" m_ty="-0.002134"/>
  </frame>
  <frame idx="825" w="717" h="402" x="-226.528259" y="13.151047">
   <element name="balls" layername="12" frame="0" z_index="2" m_a="0.444817" m_b="0.895621" m_c="-0.895621" m_d="0.444817" m_tx="1.988145" m_ty="-0.002134"/>
  </frame>
  <frame idx="850" w="688" h="417" x="-195.430161" y="26.819016">
   <element name="balls" layername="12" frame="0" z_index="2" m_a="0.580642" m_b="0.814159" m_c="-0.814159" m_d="0.580642" m_tx="1.988145" m_ty="-0.002134"/>
  </frame>
  <frame idx="875" w="645" h="426" x="-162.564133" y="35.405685">
   <element name="balls" layername="12" frame="0" z_index="2" m_a="0.701901" m_b="0.712274" m_c="-0.712274" m_d="0.701901" m_tx="1.988145" m_ty="-0.002134"/>
  </frame>
  <frame idx="900" w="590" h="431" x="-128.754532" y="38.695694">
   <element name="balls" layername="12" frame="0" z_index="2" m_a="0.805554" m_b="0.592522" m_c="-0.592522" m_d="0.805554" m_tx="1.988145" m_ty="-0.002134"/>
  </frame>
  <frame idx="925" w="524" h="428" x="-94.849548" y="36.606430">
   <element name="balls" layername="12" frame="0" z_index="2" m_a="0.889000" m_b="0.457907" m_c="-0.457907" m_d="0.889000" m_tx="1.988145" m_ty="-0.002134"/>
  </frame>
  <frame idx="950" w="448" h="420" x="-61.699860" y="29.190414">
   <element name="balls" layername="12" frame="0" z_index="2" m_a="0.950146" m_b="0.311806" m_c="-0.311806" m_d="0.950146" m_tx="1.988145" m_ty="-0.002134"/>
  </frame>
  <frame idx="975" w="365" h="406" x="-30.136627" y="16.633560">
   <element name="balls" layername="12" frame="0" z_index="2" m_a="0.987458" m_b="0.157883" m_c="-0.157883" m_d="0.987458" m_tx="1.988145" m_ty="-0.002134"/>
  </frame>
 </anim>
</Anims>
